team,year,league,shots made,shots attempted,free throws made,free throws attempted,assists,fouls committed,points scored,points allowed,games won,games lost,win pct,Over 500,Champion,total games,shots made/100,shots attempted/100,free throws made/100,free throws attempted/100,assists/100,fouls commited/100,points scored/100,points allowed/100,Playoffs,Playoff Win,Final 2
BOS,1957,N,3006,7759,1904,2585,1508,1723,7916,7517,49,23,0.680555556,Yes,No,72,4175,10776.38889,2644.444444,3590.277778,2094.444444,2393.055556,10994.44444,10440.27778,Yes,Yes,Yes
CIN,1957,N,2817,7339,1688,2372,1578,1835,7322,7243,33,39,0.458333333,No,No,72,3912.5,10193.05556,2344.444444,3294.444444,2191.666667,2548.611111,10169.44444,10059.72222,Yes,No,No
DET,1957,N,2746,7295,2093,2774,1264,1807,7585,7754,33,39,0.458333333,No,No,72,3813.888889,10131.94444,2906.944444,3852.777778,1755.555556,2509.722222,10534.72222,10769.44444,Yes,Yes,No
MIE,1957,N,2660,7192,2246,3007,1322,1982,7566,8028,19,53,0.263888889,No,No,72,3694.444444,9988.888889,3119.444444,4176.388889,1836.111111,2752.777778,10508.33333,11150,No,No,No
NYK,1957,N,2884,7307,2300,3056,1359,1865,8068,7978,35,37,0.486111111,No,No,72,4005.555556,10148.61111,3194.444444,4244.444444,1887.5,2590.277778,11205.55556,11080.55556,No,No,No
PH1,1957,N,2765,7276,1977,2596,1441,1763,7507,7517,37,35,0.513888889,Yes,No,72,3840.277778,10105.55556,2745.833333,3605.555556,2001.388889,2448.611111,10426.38889,10440.27778,Yes,Yes,No
STL,1957,N,2779,7162,2180,3047,1541,1875,7738,7646,41,31,0.569444444,Yes,Yes,72,3859.722222,9947.222222,3027.777778,4231.944444,2140.277778,2604.166667,10747.22222,10619.44444,Yes,Yes,Yes
SYR,1957,N,2823,7336,2075,2617,1298,1820,7721,7567,41,31,0.569444444,Yes,No,72,3920.833333,10188.88889,2881.944444,3634.722222,1802.777778,2527.777778,10723.61111,10509.72222,Yes,No,No
BOS,1958,N,3208,8116,1963,2563,1568,1769,8379,7913,52,20,0.722222222,Yes,Yes,72,4455.555556,11272.22222,2726.388889,3559.722222,2177.777778,2456.944444,11637.5,10990.27778,Yes,Yes,Yes
CIN,1958,N,2854,7340,1713,2375,1369,1855,7421,8064,19,53,0.263888889,No,No,72,3963.888889,10194.44444,2379.166667,3298.611111,1901.388889,2576.388889,10306.94444,11200,No,No,No
DET,1958,N,2811,7305,1943,2627,1317,1881,7565,7675,28,44,0.388888889,No,No,72,3904.166667,10145.83333,2698.611111,3648.611111,1829.166667,2612.5,10506.94444,10659.72222,Yes,No,No
MIE,1958,N,2779,7084,2071,2718,1373,1874,7629,7726,33,39,0.458333333,No,No,72,3859.722222,9838.888889,2876.388889,3775,1906.944444,2602.777778,10595.83333,10730.55556,Yes,Yes,Yes
NYK,1958,N,2863,7170,2217,2802,1383,1899,7943,7927,40,32,0.555555556,Yes,No,72,3976.388889,9958.333333,3079.166667,3891.666667,1920.833333,2637.5,11031.94444,11009.72222,Yes,No,No
PH1,1958,N,2826,7423,1783,2425,1375,1776,7435,7654,32,40,0.444444444,No,No,72,3925,10309.72222,2476.388889,3368.055556,1909.722222,2466.666667,10326.38889,10630.55556,No,No,No
STL,1958,N,2879,7015,2072,2757,1567,1937,7830,7567,49,23,0.680555556,Yes,No,72,3998.611111,9743.055556,2877.777778,3829.166667,2176.388889,2690.277778,10875,10509.72222,Yes,No,No
SYR,1958,N,3050,7490,2046,2642,1340,1961,8146,7855,35,37,0.486111111,No,No,72,4236.111111,10402.77778,2841.666667,3669.444444,1861.111111,2723.611111,11313.88889,10909.72222,Yes,Yes,No
BOS,1959,N,3744,8971,1849,2519,1849,1856,9337,8715,59,16,0.786666667,Yes,Yes,75,4992,11961.33333,2465.333333,3358.666667,2465.333333,2474.666667,12449.33333,11620,Yes,Yes,Yes
CIN,1959,N,3210,7786,1913,2672,1747,2097,8333,8805,19,56,0.253333333,No,No,75,4280,10381.33333,2550.666667,3562.666667,2329.333333,2796,11110.66667,11740,No,No,No
DET,1959,N,3146,7920,2075,2847,1472,1983,8367,8625,30,45,0.4,No,No,75,4194.666667,10560,2766.666667,3796,1962.666667,2644,11156,11500,Yes,No,No
MIE,1959,N,3040,7884,1965,2691,1444,1813,8045,8355,25,50,0.333333333,No,No,75,4053.333333,10512,2620,3588,1925.333333,2417.333333,10726.66667,11140,Yes,Yes,No
NYK,1959,N,3429,8153,1942,2539,1667,1940,8800,8970,27,48,0.36,No,No,75,4572,10870.66667,2589.333333,3385.333333,2222.666667,2586.666667,11733.33333,11960,No,No,No
PH1,1959,N,3549,8678,1797,2686,1796,1715,8895,8730,49,26,0.653333333,Yes,No,75,4732,11570.66667,2396,3581.333333,2394.666667,2286.666667,11860,11640,Yes,Yes,No
STL,1959,N,3179,7580,2148,2885,1881,1995,8506,8303,46,29,0.613333333,Yes,No,75,4238.666667,10106.66667,2864,3846.666667,2508,2660,11341.33333,11070.66667,Yes,Yes,Yes
SYR,1959,N,3406,8232,2105,2662,1676,1939,8917,8730,45,30,0.6,Yes,No,75,4541.333333,10976,2806.666667,3549.333333,2234.666667,2585.333333,11889.33333,11640,Yes,No,No
BOS,1960,N,3697,9295,2062,2804,1872,2032,9456,9014,57,22,0.721518987,Yes,Yes,79,4679.746835,11765.82278,2610.126582,3549.367089,2369.620253,2572.151899,11969.62025,11410.12658,Yes,Yes,Yes
CIN,1960,N,3626,8281,2060,2761,2107,2159,9312,9583,33,46,0.417721519,No,No,79,4589.873418,10482.27848,2607.594937,3494.936709,2667.088608,2732.911392,11787.34177,12130.37975,No,No,No
DET,1960,N,3481,8357,2408,3240,1866,2157,9370,9488,34,45,0.430379747,No,No,79,4406.329114,10578.48101,3048.101266,4101.265823,2362.025316,2730.379747,11860.75949,12010.12658,Yes,No,No
LAL,1960,N,3401,8430,2204,2999,1728,2043,9006,9014,36,43,0.455696203,No,No,79,4305.063291,10670.88608,2789.873418,3796.202532,2187.341772,2586.075949,11400,11410.12658,Yes,Yes,No
NYK,1960,N,3422,8347,2135,2838,1822,2223,8979,9488,21,58,0.265822785,No,No,79,4331.64557,10565.82278,2702.531646,3592.405063,2306.329114,2813.924051,11365.82278,12010.12658,No,No,No
PH1,1960,N,3768,8883,2022,3108,1959,1936,9558,9488,46,33,0.582278481,Yes,No,79,4769.620253,11244.3038,2559.493671,3934.177215,2479.746835,2450.632911,12098.73418,12010.12658,Yes,No,No
STL,1960,N,3618,8795,2147,2921,2136,2135,9383,9101,51,28,0.64556962,Yes,No,79,4579.746835,11132.91139,2717.721519,3697.468354,2703.797468,2702.531646,11877.21519,11520.25316,Yes,Yes,Yes
SYR,1960,N,3654,8746,2278,2948,1786,2280,9586,9417,38,41,0.481012658,No,No,79,4625.316456,11070.88608,2883.544304,3731.64557,2260.759494,2886.075949,12134.17722,11920.25316,Yes,Yes,No
BOS,1961,N,3855,9109,1977,2715,2049,1909,9687,8952,60,20,0.75,Yes,Yes,80,4818.75,11386.25,2471.25,3393.75,2561.25,2386.25,12108.75,11190,Yes,Yes,Yes
CH2,1961,N,3461,8405,1952,2901,1802,1954,8874,9552,18,62,0.225,No,No,80,4326.25,10506.25,2440,3626.25,2252.5,2442.5,11092.5,11940,No,No,No
CIN,1961,N,3806,8414,2233,2969,2154,2081,9845,9704,43,37,0.5375,Yes,No,80,4757.5,10517.5,2791.25,3711.25,2692.5,2601.25,12306.25,12130,Yes,No,No
DET,1961,N,3472,8366,2290,3142,1723,2040,9234,9368,37,43,0.4625,No,No,80,4340,10457.5,2862.5,3927.5,2153.75,2550,11542.5,11710,Yes,Yes,No
LAL,1961,N,3552,8315,2378,3240,1878,2057,9482,9600,54,26,0.675,Yes,No,80,4440,10393.75,2972.5,4050,2347.5,2571.25,11852.5,12000,Yes,Yes,Yes
NYK,1961,N,3638,8696,1911,2693,1765,2056,9187,9576,29,51,0.3625,No,No,80,4547.5,10870,2388.75,3366.25,2206.25,2570,11483.75,11970,No,No,No
PH1,1961,N,3917,8929,2201,3207,2073,2013,10035,9816,49,31,0.6125,Yes,No,80,4896.25,11161.25,2751.25,4008.75,2591.25,2516.25,12543.75,12270,Yes,Yes,No
STL,1961,N,3641,8461,2226,2939,1996,2166,9508,9768,29,51,0.3625,No,No,80,4551.25,10576.25,2782.5,3673.75,2495,2707.5,11885,12210,No,No,No
SYR,1961,N,3706,8875,2246,2880,1791,2344,9658,9472,41,39,0.5125,Yes,No,80,4632.5,11093.75,2807.5,3600,2238.75,2930,12072.5,11840,Yes,No,No
BOS,1962,N,3746,8779,2012,2777,1960,2090,9504,8928,58,22,0.725,Yes,Yes,80,4682.5,10973.75,2515,3471.25,2450,2612.5,11880,11160,Yes,Yes,Yes
CH2,1962,N,3371,7448,2053,2944,1773,2065,8795,9112,25,55,0.3125,No,No,80,4213.75,9310,2566.25,3680,2216.25,2581.25,10993.75,11390,No,No,No
CIN,1962,N,3672,7998,2183,2923,1931,2203,9527,9424,42,38,0.525,Yes,No,80,4590,9997.5,2728.75,3653.75,2413.75,2753.75,11908.75,11780,Yes,Yes,No
DET,1962,N,3534,8188,2044,2852,1731,2181,9112,9408,34,46,0.425,No,No,80,4417.5,10235,2555,3565,2163.75,2726.25,11390,11760,Yes,No,No
LAL,1962,N,3506,7948,2230,2931,1739,1775,9242,8992,53,27,0.6625,Yes,No,80,4382.5,9935,2787.5,3663.75,2173.75,2218.75,11552.5,11240,Yes,Yes,Yes
NYK,1962,N,3433,8007,1971,2778,1658,2144,8837,9416,21,59,0.2625,No,No,80,4291.25,10008.75,2463.75,3472.5,2072.5,2680,11046.25,11770,No,No,No
SFW,1962,N,3805,8449,1870,2797,1906,1882,9480,9648,31,49,0.3875,No,No,80,4756.25,10561.25,2337.5,3496.25,2382.5,2352.5,11850,12060,No,No,No
STL,1962,N,3355,7780,2056,2820,1902,2077,8766,8624,48,32,0.6,Yes,No,80,4193.75,9725,2570,3525,2377.5,2596.25,10957.5,10780,Yes,Yes,No
SYR,1962,N,3690,8290,2350,3005,1742,2277,9730,9424,48,32,0.6,Yes,No,80,4612.5,10362.5,2937.5,3756.25,2177.5,2846.25,12162.5,11780,Yes,No,No
BAL,1963,N,3456,7862,2036,2958,1423,2073,8948,9088,31,49,0.3875,No,No,80,4320,9827.5,2545,3697.5,1778.75,2591.25,11185,11360,No,No,No
BOS,1963,N,3619,8770,1804,2489,1760,2125,9042,8408,59,21,0.7375,Yes,Yes,80,4523.75,10962.5,2255,3111.25,2200,2656.25,11302.5,10510,Yes,Yes,Yes
CIN,1963,N,3516,7761,2146,2828,1916,2139,9178,8776,55,25,0.6875,Yes,No,80,4395,9701.25,2682.5,3535,2395,2673.75,11472.5,10970,Yes,Yes,No
DET,1963,N,3346,7943,1928,2685,1633,2235,8620,9240,23,57,0.2875,No,No,80,4182.5,9928.75,2410,3356.25,2041.25,2793.75,10775,11550,No,No,No
LAL,1963,N,3272,7438,2230,2910,1676,1997,8774,8696,42,38,0.525,Yes,No,80,4090,9297.5,2787.5,3637.5,2095,2496.25,10967.5,10870,Yes,No,No
NYK,1963,N,3512,7888,1952,2852,1563,2222,8976,9568,22,58,0.275,No,No,80,4390,9860,2440,3565,1953.75,2777.5,11220,11960,No,No,No
PHI,1963,N,3394,8116,2184,2851,1643,2251,8972,9320,34,46,0.425,No,No,80,4242.5,10145,2730,3563.75,2053.75,2813.75,11215,11650,Yes,No,No
SFW,1963,N,3407,7779,1800,2821,1899,1978,8614,8208,48,32,0.6,Yes,No,80,4258.75,9723.75,2250,3526.25,2373.75,2472.5,10767.5,10260,Yes,Yes,Yes
STL,1963,N,3341,7776,2115,2795,1901,2266,8797,8672,46,34,0.575,Yes,No,80,4176.25,9720,2643.75,3493.75,2376.25,2832.5,10996.25,10840,Yes,Yes,No
BAL,1964,N,3421,7734,2245,3144,1676,2119,9087,9264,37,43,0.4625,No,No,80,4276.25,9667.5,2806.25,3930,2095,2648.75,11358.75,11580,Yes,Yes,No
BOS,1964,N,3567,8609,1890,2587,1772,2065,9024,8360,62,18,0.775,Yes,Yes,80,4458.75,10761.25,2362.5,3233.75,2215,2581.25,11280,10450,Yes,Yes,Yes
CIN,1964,N,3482,7797,2170,2866,1843,1992,9134,8952,48,32,0.6,Yes,No,80,4352.5,9746.25,2712.5,3582.5,2303.75,2490,11417.5,11190,Yes,No,No
DET,1964,N,3467,8297,1747,2537,1609,2058,8681,8952,31,49,0.3875,No,No,80,4333.75,10371.25,2183.75,3171.25,2011.25,2572.5,10851.25,11190,No,No,No
LAL,1964,N,3336,7628,2276,2984,1601,1998,8948,8792,49,31,0.6125,Yes,No,80,4170,9535,2845,3730,2001.25,2497.5,11185,10990,Yes,Yes,Yes
NYK,1964,N,3339,7834,1915,2684,1550,2283,8593,8888,31,49,0.3875,No,No,80,4173.75,9792.5,2393.75,3355,1937.5,2853.75,10741.25,11110,No,No,No
PHI,1964,N,3391,8028,2221,3011,1692,2096,9003,9016,40,40,0.5,No,No,80,4238.75,10035,2776.25,3763.75,2115,2620,11253.75,11270,Yes,No,No
SFW,1964,N,3323,8245,1819,2844,1653,2002,8465,8960,17,63,0.2125,No,No,80,4153.75,10306.25,2273.75,3555,2066.25,2502.5,10581.25,11200,No,No,No
STL,1964,N,3269,7710,2168,2947,1691,2069,8706,8464,45,35,0.5625,Yes,No,80,4086.25,9637.5,2710,3683.75,2113.75,2586.25,10882.5,10580,Yes,No,No
BAL,1965,N,3599,8210,2267,3186,1890,2199,9465,9560,38,42,0.475,No,No,80,4498.75,10262.5,2833.75,3982.5,2362.5,2748.75,11831.25,11950,Yes,No,No
BOS,1965,N,3488,8367,2038,2758,1795,2012,9014,8624,54,26,0.675,Yes,Yes,80,4360,10458.75,2547.5,3447.5,2243.75,2515,11267.5,10780,Yes,Yes,Yes
CIN,1965,N,3610,8123,2204,2906,1818,2033,9424,9328,45,35,0.5625,Yes,No,80,4512.5,10153.75,2755,3632.5,2272.5,2541.25,11780,11660,Yes,No,No
DET,1965,N,3475,8502,1877,2734,1569,2016,8827,9376,22,58,0.275,No,No,80,4343.75,10627.5,2346.25,3417.5,1961.25,2520,11033.75,11720,No,No,No
LAL,1965,N,3597,8109,2363,3057,1936,2035,9557,9312,45,35,0.5625,Yes,No,80,4496.25,10136.25,2953.75,3821.25,2420,2543.75,11946.25,11640,Yes,Yes,Yes
NYK,1965,N,3559,7910,2217,3078,1896,2227,9335,9544,30,50,0.375,No,No,80,4448.75,9887.5,2771.25,3847.5,2370,2783.75,11668.75,11930,No,No,No
PHI,1965,N,3650,8189,2087,3141,1905,2095,9387,9016,55,25,0.6875,Yes,No,80,4562.5,10236.25,2608.75,3926.25,2381.25,2618.75,11733.75,11270,Yes,No,No
SFW,1965,N,3557,8512,2129,2879,1872,2069,9243,9456,35,45,0.4375,No,No,80,4446.25,10640,2661.25,3598.75,2340,2586.25,11553.75,11820,No,No,No
STL,1965,N,3379,7836,2155,2870,1782,2179,8913,8960,36,44,0.45,No,No,80,4223.75,9795,2693.75,3587.5,2227.5,2723.75,11141.25,11200,Yes,Yes,No
BAL,1966,N,3664,8578,2025,2771,1652,2153,9353,9882,20,61,0.24691358,No,No,81,4523.45679,10590.12346,2500,3420.987654,2039.506173,2658.024691,11546.91358,12200,No,No,No
BOS,1966,N,3724,8325,2216,2963,1962,2138,9664,9015,60,21,0.740740741,Yes,No,81,4597.530864,10277.77778,2735.802469,3658.024691,2422.222222,2639.506173,11930.8642,11129.62963,Yes,Yes,No
CHI,1966,N,3565,8505,2037,2784,1827,2205,9167,9469,33,48,0.407407407,No,No,81,4401.234568,10500,2514.814815,3437.037037,2255.555556,2722.222222,11317.28395,11690.12346,Yes,No,No
CIN,1966,N,3654,8137,2179,2806,1858,2073,9487,9509,39,42,0.481481482,No,No,81,4511.111111,10045.67901,2690.123457,3464.197531,2293.82716,2559.259259,11712.34568,11739.50617,Yes,No,No
DET,1966,N,3523,8542,1969,2725,1465,2198,9015,9461,30,51,0.37037037,No,No,81,4349.382716,10545.67901,2430.864198,3364.197531,1808.641975,2713.580247,11129.62963,11680.24691,No,No,No
LAL,1966,N,3786,8466,2192,2917,1906,2168,9764,9736,36,45,0.444444444,No,No,81,4674.074074,10451.85185,2706.17284,3601.234568,2353.08642,2676.54321,12054.32099,12019.75309,Yes,No,No
NYK,1966,N,3637,8025,2151,2980,1782,2110,9425,9671,36,45,0.444444444,No,No,81,4490.123457,9907.407407,2655.555556,3679.012346,2200,2604.938272,11635.80247,11939.50617,Yes,No,No
PHI,1966,N,3912,8103,2319,3411,2138,1906,10143,9380,68,13,0.839506173,Yes,Yes,81,4829.62963,10003.7037,2862.962963,4211.111111,2639.506173,2353.08642,12522.22222,11580.24691,Yes,Yes,Yes
SFW,1966,N,3814,8818,2283,3021,1876,2120,9911,9680,44,37,0.543209877,Yes,No,81,4708.641975,10886.41975,2818.518519,3729.62963,2316.049383,2617.283951,12235.80247,11950.61728,Yes,Yes,Yes
STL,1966,N,3547,8004,2110,2979,1708,2173,9204,9331,39,42,0.481481482,No,No,81,4379.012346,9881.481481,2604.938272,3677.777778,2108.641975,2682.716049,11362.96296,11519.75309,Yes,Yes,No
ANA,1967,A,3172,7606,2141,2916,1297,2174,8704,9057,25,53,0.320512821,No,No,78,4066.666667,9751.282051,2744.871795,3738.461538,1662.820513,2787.179487,11158.97436,11611.53846,No,No,No
BAL,1967,N,3691,8428,2245,2994,1534,2127,9627,9660,36,46,0.43902439,No,No,82,4501.219512,10278.04878,2737.804878,3651.219512,1870.731707,2593.902439,11740.2439,11780.4878,No,No,No
BOS,1967,N,3686,8371,2151,2983,1798,2147,9523,9184,54,28,0.658536585,Yes,Yes,82,4495.121951,10208.53659,2623.170732,3637.804878,2192.682927,2618.292683,11613.41463,11200,Yes,Yes,Yes
CHI,1967,N,3488,8138,2006,2718,1527,2130,8982,9307,29,53,0.353658537,No,No,82,4253.658537,9924.390244,2446.341463,3314.634146,1862.195122,2597.560976,10953.65854,11350,Yes,No,No
CIN,1967,N,3679,7864,2204,2892,2048,2016,9562,9627,39,43,0.475609756,No,No,82,4486.585366,9590.243902,2687.804878,3526.829268,2497.560976,2458.536585,11660.97561,11740.2439,No,No,No
DEN,1967,A,3119,7271,1981,2725,1044,1992,8244,7914,45,33,0.576923077,Yes,No,78,3998.717949,9321.794872,2539.74359,3493.589744,1338.461538,2553.846154,10569.23077,10146.15385,Yes,No,No
DET,1967,N,3755,8386,2215,3129,1700,2240,9725,9889,40,42,0.487804878,No,No,82,4579.268293,10226.82927,2701.219512,3815.853659,2073.170732,2731.707317,11859.7561,12059.7561,Yes,No,No
DLC,1967,A,3260,7167,2027,2810,1344,1997,8576,8470,46,32,0.58974359,Yes,No,78,4179.487179,9188.461538,2598.717949,3602.564103,1723.076923,2560.25641,10994.87179,10858.97436,Yes,Yes,No
HMV,1967,A,3094,7731,1774,2537,1175,1906,8074,8407,29,49,0.371794872,No,No,78,3966.666667,9911.538462,2274.358974,3252.564103,1506.410256,2443.589744,10351.28205,10778.20513,Yes,No,No
IND,1967,A,3174,7397,2102,2971,1176,1788,8546,8530,38,40,0.487179487,No,No,78,4069.230769,9483.333333,2694.871795,3808.974359,1507.692308,2292.307692,10956.41026,10935.89744,Yes,No,No
KEN,1967,A,3044,7427,1921,2677,1165,1928,8150,8207,36,42,0.461538462,No,No,78,3902.564103,9521.794872,2462.820513,3432.051282,1493.589744,2471.794872,10448.71795,10521.79487,Yes,No,No
LAL,1967,N,3827,8031,2283,3143,1983,2152,9937,9479,52,30,0.634146342,Yes,No,82,4667.073171,9793.902439,2784.146341,3832.926829,2418.292683,2624.390244,12118.29268,11559.7561,Yes,Yes,Yes
MNM,1967,A,3248,8084,1896,2968,1019,1860,8469,8163,50,28,0.641025641,Yes,No,78,4164.102564,10364.10256,2430.769231,3805.128205,1306.410256,2384.615385,10857.69231,10465.38462,Yes,Yes,No
NJA,1967,A,3189,7727,2138,2876,1200,2051,8641,8768,36,42,0.461538462,No,No,78,4088.461538,9906.410256,2741.025641,3687.179487,1538.461538,2629.487179,11078.20513,11241.02564,No,No,No
NOB,1967,A,3207,7521,2245,3000,1355,1839,8712,8334,48,30,0.615384615,Yes,No,78,4111.538462,9642.307692,2878.205128,3846.153846,1737.179487,2357.692308,11169.23077,10684.61538,Yes,Yes,Yes
NYK,1967,N,3682,8070,2159,3042,1967,2364,9523,9373,43,39,0.524390244,Yes,No,82,4490.243902,9841.463415,2632.926829,3709.756098,2398.780488,2882.926829,11613.41463,11430.4878,Yes,No,No
OAK,1967,A,3215,7680,2109,2850,1149,1957,8642,9160,22,56,0.282051282,No,No,78,4121.794872,9846.153846,2703.846154,3653.846154,1473.076923,2508.974359,11079.48718,11743.58974,No,No,No
PHI,1967,N,3965,8414,2121,3338,2197,1851,10051,9348,62,20,0.756097561,Yes,No,82,4835.365854,10260.97561,2586.585366,4070.731707,2679.268293,2257.317073,12257.31707,11400,Yes,Yes,No
PTP,1967,A,3230,7528,2028,2839,1239,1846,8731,8479,54,24,0.692307692,Yes,Yes,78,4141.025641,9651.282051,2600,3639.74359,1588.461538,2366.666667,11193.58974,10870.51282,Yes,Yes,Yes
SDR,1967,N,3466,8547,2083,2929,1837,2188,9015,9922,15,67,0.182926829,No,No,82,4226.829268,10423.17073,2540.243902,3571.95122,2240.243902,2668.292683,10993.90244,12100,No,No,No
SEA,1967,N,3772,8593,2188,3042,1998,2372,9732,10258,23,59,0.280487805,No,No,82,4600,10479.26829,2668.292683,3709.756098,2436.585366,2892.682927,11868.29268,12509.7561,No,No,No
SFW,1967,N,3632,8587,2334,3153,1901,2265,9598,9643,43,39,0.524390244,Yes,No,82,4429.268293,10471.95122,2846.341463,3845.121951,2318.292683,2762.195122,11704.87805,11759.7561,Yes,Yes,No
STL,1967,N,3504,7765,2258,3111,1988,2046,9266,9045,56,26,0.682926829,Yes,No,82,4273.170732,9469.512195,2753.658537,3793.902439,2424.390244,2495.121951,11300,11030.4878,Yes,No,No
ATL,1968,N,3605,7844,1913,2785,2069,2082,9123,8971,48,34,0.585365854,Yes,No,82,4396.341463,9565.853659,2332.926829,3396.341463,2523.170732,2539.02439,11125.60976,10940.2439,Yes,Yes,No
BAL,1968,N,3770,8567,2002,2734,1682,2037,9542,9192,57,25,0.695121951,Yes,No,82,4597.560976,10447.56098,2441.463415,3334.146341,2051.219512,2484.146341,11636.58537,11209.7561,Yes,No,No
BOS,1968,N,3583,8316,1936,2657,1953,2073,9102,8643,48,34,0.585365854,Yes,Yes,82,4369.512195,10141.46341,2360.97561,3240.243902,2381.707317,2528.04878,11100,10540.2439,Yes,Yes,Yes
CHI,1968,N,3355,8021,1877,2577,1597,2064,8587,8766,33,49,0.402439024,No,No,82,4091.463415,9781.707317,2289.02439,3142.682927,1947.560976,2517.073171,10471.95122,10690.2439,No,No,No
CIN,1968,N,3565,7742,2262,3012,1983,2031,9392,9479,41,41,0.5,No,No,82,4347.560976,9441.463415,2758.536585,3673.170732,2418.292683,2476.829268,11453.65854,11559.7561,No,No,No
DEN,1968,A,3427,7554,2026,2769,1239,2102,8959,8842,44,34,0.564102564,Yes,No,78,4393.589744,9684.615385,2597.435897,3550,1588.461538,2694.871795,11485.89744,11335.89744,Yes,No,No
DET,1968,N,3609,7997,2141,3025,1757,2105,9359,9619,32,50,0.390243902,No,No,82,4401.219512,9752.439024,2610.97561,3689.02439,2142.682927,2567.073171,11413.41463,11730.4878,No,No,No
DLC,1968,A,3185,7155,2192,2948,1320,2180,8657,8710,41,37,0.525641026,Yes,No,78,4083.333333,9173.076923,2810.25641,3779.487179,1692.307692,2794.871795,11098.71795,11166.66667,Yes,No,No
HMV,1968,A,3179,7732,2196,2991,1371,2157,8683,9127,23,55,0.294871795,No,No,78,4075.641026,9912.820513,2815.384615,3834.615385,1757.692308,2765.384615,11132.05128,11701.28205,No,No,No
IND,1968,A,3474,7709,2273,3180,1553,2106,9331,9010,44,34,0.564102564,Yes,No,78,4453.846154,9883.333333,2914.102564,4076.923077,1991.025641,2700,11962.82051,11551.28205,Yes,Yes,Yes
KEN,1968,A,3180,7613,1977,2690,1453,2077,8672,8659,42,36,0.538461539,Yes,No,78,4076.923077,9760.25641,2534.615385,3448.717949,1862.820513,2662.820513,11117.94872,11101.28205,Yes,No,No
LAL,1968,N,3574,7620,2056,3161,2068,1773,9204,8864,55,27,0.670731707,Yes,No,82,4358.536585,9292.682927,2507.317073,3854.878049,2521.95122,2162.195122,11224.39024,10809.7561,Yes,Yes,Yes
LAS,1968,A,3208,7419,2291,3243,1244,2276,8925,9163,33,45,0.423076923,No,No,78,4112.820513,9511.538462,2937.179487,4157.692308,1594.871795,2917.948718,11442.30769,11747.4359,No,No,No
MFL,1968,A,3406,7625,2167,3023,1532,2092,9008,8975,43,35,0.551282051,Yes,No,78,4366.666667,9775.641026,2778.205128,3875.641026,1964.102564,2682.051282,11548.71795,11506.41026,Yes,Yes,No
MIL,1968,N,3537,8258,1966,2638,1882,2187,9040,9463,27,55,0.329268293,No,No,82,4313.414634,10070.73171,2397.560976,3217.073171,2295.121951,2667.073171,11024.39024,11540.2439,No,No,No
MNP,1968,A,3320,7985,1991,2868,1331,1988,8914,8904,36,42,0.461538462,No,No,78,4256.410256,10237.17949,2552.564103,3676.923077,1706.410256,2548.717949,11428.20513,11415.38462,Yes,No,No
NOB,1968,A,3386,7697,2148,2845,1617,1917,9053,8787,46,32,0.58974359,Yes,No,78,4341.025641,9867.948718,2753.846154,3647.435897,2073.076923,2457.692308,11606.41026,11265.38462,Yes,Yes,No
NYK,1968,N,3588,7813,1911,2596,2071,2175,9087,8626,54,28,0.658536585,Yes,No,82,4375.609756,9528.04878,2330.487805,3165.853659,2525.609756,2652.439024,11081.70732,10519.5122,Yes,Yes,No
NYN,1968,A,3148,7563,2090,2816,1409,2260,8463,9143,17,61,0.217948718,No,No,78,4035.897436,9696.153846,2679.487179,3610.25641,1806.410256,2897.435897,10850,11721.79487,No,No,No
OAK,1968,A,3615,7663,2607,3434,1668,2126,9866,9211,60,18,0.769230769,Yes,Yes,78,4634.615385,9824.358974,3342.307692,4402.564103,2138.461538,2725.641026,12648.71795,11808.97436,Yes,Yes,Yes
PHI,1968,N,3754,8274,2238,3087,1914,2145,9746,9332,55,27,0.670731707,Yes,No,82,4578.04878,10090.2439,2729.268293,3764.634146,2334.146341,2615.853659,11885.36585,11380.4878,Yes,No,No
PHO,1968,N,3541,8242,2080,2950,1918,2086,9162,9881,16,66,0.195121951,No,No,82,4318.292683,10051.21951,2536.585366,3597.560976,2339.02439,2543.902439,11173.17073,12050,No,No,No
SDR,1968,N,3691,8631,2074,3039,1925,2110,9456,9471,37,45,0.451219512,No,No,82,4501.219512,10525.60976,2529.268293,3706.097561,2347.560976,2573.170732,11531.70732,11550,Yes,No,No
SEA,1968,N,3543,8149,2105,2979,1927,2281,9191,9586,30,52,0.365853659,No,No,82,4320.731707,9937.804878,2567.073171,3632.926829,2350,2781.707317,11208.53659,11690.2439,No,No,No
SFW,1968,N,3414,8218,2119,2949,1822,2087,8947,9077,41,41,0.5,No,No,82,4163.414634,10021.95122,2584.146341,3596.341463,2221.95122,2545.121951,10910.97561,11069.5122,Yes,No,No
ATL,1969,N,3817,7907,2012,2669,2142,2016,9646,9610,48,34,0.585365854,Yes,No,82,4654.878049,9642.682927,2453.658537,3254.878049,2612.195122,2458.536585,11763.41463,11719.5122,Yes,Yes,No
BAL,1969,N,3925,8567,2050,2652,1881,1896,9900,9725,50,32,0.609756098,Yes,No,82,4786.585366,10447.56098,2500,3234.146341,2293.902439,2312.195122,12073.17073,11859.7561,Yes,No,No
BOS,1969,N,3645,8235,2132,2711,1875,2320,9422,9578,34,48,0.414634146,No,No,82,4445.121951,10042.68293,2600,3306.097561,2286.585366,2829.268293,11490.2439,11680.4878,No,No,No
CAR,1969,A,3470,7859,1942,2662,1746,2243,8971,8990,42,42,0.5,No,No,84,4130.952381,9355.952381,2311.904762,3169.047619,2078.571429,2670.238095,10679.7619,10702.38095,Yes,No,No
CHI,1969,N,3607,8133,2209,2861,2133,1863,9423,9569,39,43,0.475609756,No,No,82,4398.780488,9918.292683,2693.902439,3489.02439,2601.219512,2271.95122,11491.46341,11669.5122,Yes,No,No
CIN,1969,N,3767,8271,2082,2841,1992,2215,9616,9856,36,46,0.43902439,No,No,82,4593.902439,10086.58537,2539.02439,3464.634146,2429.268293,2701.219512,11726.82927,12019.5122,No,No,No
DEN,1969,A,3743,8381,2023,2713,1621,2064,9697,9328,51,33,0.607142857,Yes,No,84,4455.952381,9977.380952,2408.333333,3229.761905,1929.761905,2457.142857,11544.04762,11104.7619,Yes,Yes,No
DET,1969,N,3565,7657,2116,2881,1709,1930,9246,9520,31,51,0.378048781,No,No,82,4347.560976,9337.804878,2580.487805,3513.414634,2084.146341,2353.658537,11275.60976,11609.7561,No,No,No
DLC,1969,A,3775,8265,2340,2968,1633,2138,10079,9918,45,39,0.535714286,Yes,No,84,4494.047619,9839.285714,2785.714286,3533.333333,1944.047619,2545.238095,11998.80952,11807.14286,Yes,No,No
IND,1969,A,3593,7896,2110,2846,1826,2125,9511,9220,59,25,0.702380952,Yes,Yes,84,4277.380952,9400,2511.904762,3388.095238,2173.809524,2529.761905,11322.61905,10976.19048,Yes,Yes,Yes
KEN,1969,A,3593,8378,2020,2733,1765,2409,9536,9450,45,39,0.535714286,Yes,No,84,4277.380952,9973.809524,2404.761905,3253.571429,2101.190476,2867.857143,11352.38095,11250,Yes,Yes,No
LAL,1969,N,3668,7952,1991,2641,2030,1896,9327,9168,46,36,0.56097561,Yes,No,82,4473.170732,9697.560976,2428.04878,3220.731707,2475.609756,2312.195122,11374.39024,11180.4878,Yes,Yes,Yes
LAS,1969,A,3575,8120,2266,3022,1772,2234,9547,9567,43,41,0.511904762,Yes,No,84,4255.952381,9666.666667,2697.619048,3597.619048,2109.52381,2659.52381,11365.47619,11389.28571,Yes,Yes,Yes
MFL,1969,A,3598,8345,2225,2991,1281,2264,9511,9940,23,61,0.273809524,No,No,84,4283.333333,9934.52381,2648.809524,3560.714286,1525,2695.238095,11322.61905,11833.33333,No,No,No
MIL,1969,N,3923,8041,1895,2589,2168,1971,9741,9364,56,26,0.682926829,Yes,No,82,4784.146341,9806.097561,2310.97561,3157.317073,2643.902439,2403.658537,11879.26829,11419.5122,Yes,Yes,No
NOB,1969,A,3463,7982,1970,2531,1638,2091,9064,8999,42,42,0.5,No,No,84,4122.619048,9502.380952,2345.238095,3013.095238,1950,2489.285714,10790.47619,10713.09524,No,No,No
NYK,1969,N,3803,7975,1821,2484,2135,2016,9427,8684,60,22,0.731707317,Yes,Yes,82,4637.804878,9725.609756,2220.731707,3029.268293,2603.658537,2458.536585,11496.34146,10590.2439,Yes,Yes,Yes
NYN,1969,A,3543,7854,1990,2826,1762,2381,9148,9219,39,45,0.464285714,No,No,84,4217.857143,9350,2369.047619,3364.285714,2097.619048,2834.52381,10890.47619,10975,Yes,No,No
PHI,1969,N,3915,8345,2168,2884,2127,2196,9998,9717,42,40,0.512195122,Yes,No,82,4774.390244,10176.82927,2643.902439,3517.073171,2593.902439,2678.04878,12192.68293,11850,Yes,No,No
PHO,1969,N,3676,7856,2434,3270,2076,2183,9786,9930,39,43,0.475609756,No,No,82,4482.926829,9580.487805,2968.292683,3987.804878,2531.707317,2662.195122,11934.14634,12109.7561,Yes,No,No
PTC,1969,A,3721,8370,1875,2673,1629,2184,9445,9824,29,55,0.345238095,No,No,84,4429.761905,9964.285714,2232.142857,3182.142857,1939.285714,2600,11244.04762,11695.2381,No,No,No
SDR,1969,N,3866,8867,2000,2728,2036,2096,9732,9988,27,55,0.329268293,No,No,82,4714.634146,10813.41463,2439.02439,3326.829268,2482.926829,2556.097561,11868.29268,12180.4878,No,No,No
SEA,1969,N,3709,8029,2171,2851,2214,2175,9589,9799,36,46,0.43902439,No,No,82,4523.170732,9791.463415,2647.560976,3476.829268,2700,2652.439024,11693.90244,11950,No,No,No
SFW,1969,N,3555,8224,2004,2646,1861,2050,9114,9479,30,52,0.365853659,No,No,82,4335.365854,10029.26829,2443.902439,3226.829268,2269.512195,2500,11114.63415,11559.7561,No,No,No
WAC,1969,A,3709,7988,2403,3177,1961,2329,9929,9983,44,40,0.523809524,Yes,No,84,4415.47619,9509.52381,2860.714286,3782.142857,2334.52381,2772.619048,11820.2381,11884.52381,Yes,No,No
ATL,1970,N,3614,7779,2120,2975,1906,1958,9348,9495,36,46,0.43902439,No,No,82,4407.317073,9486.585366,2585.365854,3628.04878,2324.390244,2387.804878,11400,11579.26829,Yes,No,No
BAL,1970,N,3684,8331,1886,2500,1772,1966,9254,9206,42,40,0.512195122,Yes,No,82,4492.682927,10159.7561,2300,3048.780488,2160.97561,2397.560976,11285.36585,11226.82927,Yes,Yes,Yes
BOS,1970,N,3804,8616,2000,2648,2052,2138,9608,9438,44,38,0.536585366,Yes,No,82,4639.02439,10507.31707,2439.02439,3229.268293,2502.439024,2607.317073,11717.07317,11509.7561,No,No,No
BUF,1970,N,3424,7860,1805,2504,1962,2232,8653,9196,22,60,0.268292683,No,No,82,4175.609756,9585.365854,2201.219512,3053.658537,2392.682927,2721.95122,10552.43902,11214.63415,No,No,No
CAR,1970,A,3823,8329,1851,2809,1745,2172,9688,10026,34,50,0.404761905,No,No,84,4551.190476,9915.47619,2203.571429,3344.047619,2077.380952,2585.714286,11533.33333,11935.71429,No,No,No
CHI,1970,N,3460,7660,2150,2721,2142,1797,9070,8640,51,31,0.62195122,Yes,No,82,4219.512195,9341.463415,2621.95122,3318.292683,2612.195122,2191.463415,11060.97561,10536.58537,Yes,No,No
CIN,1970,N,3805,8374,1901,2622,2022,2126,9511,9774,33,49,0.402439024,No,No,82,4640.243902,10212.19512,2318.292683,3197.560976,2465.853659,2592.682927,11598.78049,11919.5122,No,No,No
CLE,1970,N,3299,7778,1775,2380,2065,2114,8373,9289,15,67,0.182926829,No,No,82,4023.170732,9485.365854,2164.634146,2902.439024,2518.292683,2578.04878,10210.97561,11328.04878,No,No,No
DEN,1970,A,3852,8780,2158,2841,1642,1996,9965,10306,30,54,0.357142857,No,No,84,4585.714286,10452.38095,2569.047619,3382.142857,1954.761905,2376.190476,11863.09524,12269.04762,No,No,No
DET,1970,N,3468,7730,2093,2808,1696,1969,9029,9090,45,37,0.548780488,Yes,No,82,4229.268293,9426.829268,2552.439024,3424.390244,2068.292683,2401.219512,11010.97561,11085.36585,No,No,No
FLA,1970,A,3659,8026,2179,2852,1939,2140,9579,9707,37,47,0.440476191,No,No,84,4355.952381,9554.761905,2594.047619,3395.238095,2308.333333,2547.619048,11403.57143,11555.95238,Yes,No,No
IND,1970,A,3796,8202,2104,2741,2068,1953,10002,9501,58,26,0.690476191,Yes,No,84,4519.047619,9764.285714,2504.761905,3263.095238,2461.904762,2325,11907.14286,11310.71429,Yes,Yes,No
KEN,1970,A,3929,8520,2213,2930,1878,2271,10264,10260,44,40,0.523809524,Yes,No,84,4677.380952,10142.85714,2634.52381,3488.095238,2235.714286,2703.571429,12219.04762,12214.28571,Yes,Yes,Yes
LAL,1970,N,3739,7857,1933,2717,2205,1709,9411,9159,48,34,0.585365854,Yes,No,82,4559.756098,9581.707317,2357.317073,3313.414634,2689.02439,2084.146341,11476.82927,11169.5122,Yes,Yes,No
MIL,1970,N,3972,7803,1766,2379,2249,1847,9710,8705,66,16,0.804878049,Yes,Yes,82,4843.902439,9515.853659,2153.658537,2901.219512,2742.682927,2252.439024,11841.46341,10615.85366,Yes,Yes,Yes
MMP,1970,A,3700,8383,1664,2287,1893,2164,9175,9234,41,43,0.488095238,No,No,84,4404.761905,9979.761905,1980.952381,2722.619048,2253.571429,2576.190476,10922.61905,10992.85714,Yes,No,No
NYK,1970,N,3633,8076,1760,2377,1779,1916,9026,8614,52,30,0.634146342,Yes,No,82,4430.487805,9848.780488,2146.341463,2898.780488,2169.512195,2336.585366,11007.31707,10504.87805,Yes,Yes,No
NYN,1970,A,3638,7704,2013,2653,1877,2203,9327,9378,40,44,0.476190476,No,No,84,4330.952381,9171.428571,2396.428571,3158.333333,2234.52381,2622.619048,11103.57143,11164.28571,Yes,No,No
PHI,1970,N,3608,8026,2199,2967,1976,2168,9415,9288,47,35,0.573170732,Yes,No,82,4400,9787.804878,2681.707317,3618.292683,2409.756098,2643.902439,11481.70732,11326.82927,Yes,No,No
PHO,1970,N,3503,8021,2327,3078,1927,2132,9333,9177,48,34,0.585365854,Yes,No,82,4271.95122,9781.707317,2837.804878,3753.658537,2350,2600,11381.70732,11191.46341,No,No,No
POR,1970,N,3721,8562,2025,2671,2227,2024,9467,9837,29,53,0.353658537,No,No,82,4537.804878,10441.46341,2469.512195,3257.317073,2715.853659,2468.292683,11545.12195,11996.34146,No,No,No
PTC,1970,A,3906,8661,2012,2659,1619,2208,10001,10229,36,48,0.428571429,No,No,84,4650,10310.71429,2395.238095,3165.47619,1927.380952,2628.571429,11905.95238,12177.38095,No,No,No
SDR,1970,N,3547,8426,2188,2921,1921,2128,9282,9302,40,42,0.487804878,No,No,82,4325.609756,10275.60976,2668.292683,3562.195122,2342.682927,2595.121951,11319.5122,11343.90244,No,No,No
SEA,1970,N,3664,8034,2101,2790,2049,1917,9429,9591,38,44,0.463414634,No,No,82,4468.292683,9797.560976,2562.195122,3402.439024,2498.780488,2337.804878,11498.78049,11696.34146,No,No,No
SFW,1970,N,3454,7709,1875,2468,1893,1833,8783,8901,41,41,0.5,No,No,82,4212.195122,9401.219512,2286.585366,3009.756098,2308.536585,2235.365854,10710.97561,10854.87805,Yes,No,No
TEX,1970,A,3964,8938,2038,2661,1901,2093,10207,10458,30,54,0.357142857,No,No,84,4719.047619,10640.47619,2426.190476,3167.857143,2263.095238,2491.666667,12151.19048,12450,Yes,No,No
UTS,1970,A,3787,8409,2219,2831,1789,2050,9994,9400,57,27,0.678571429,Yes,Yes,84,4508.333333,10010.71429,2641.666667,3370.238095,2129.761905,2440.47619,11897.61905,11190.47619,Yes,Yes,Yes
VIR,1970,A,4014,8497,2273,2975,2231,2371,10355,10058,55,29,0.654761905,Yes,No,84,4778.571429,10115.47619,2705.952381,3541.666667,2655.952381,2822.619048,12327.38095,11973.80952,Yes,Yes,No
ATL,1971,N,3482,7570,2018,2725,1897,1967,8982,9127,36,46,0.43902439,No,No,82,4246.341463,9231.707317,2460.97561,3323.170732,2313.414634,2398.780488,10953.65854,11130.4878,Yes,No,No
BAL,1971,N,3490,7748,1804,2378,1816,1858,8784,8880,38,44,0.463414634,No,No,82,4256.097561,9448.780488,2200,2900,2214.634146,2265.853659,10712.19512,10829.26829,Yes,No,No
BOS,1971,N,3819,8431,1839,2367,2230,2030,9477,9085,56,26,0.682926829,Yes,No,82,4657.317073,10281.70732,2242.682927,2886.585366,2719.512195,2475.609756,11557.31707,11079.26829,Yes,Yes,No
BUF,1971,N,3409,7560,1549,2219,1759,2110,8367,9125,22,60,0.268292683,No,No,82,4157.317073,9219.512195,1889.02439,2706.097561,2145.121951,2573.170732,10203.65854,11128.04878,No,No,No
CAR,1971,A,3818,8391,1870,2536,1735,2173,9646,9923,35,49,0.416666667,No,No,84,4545.238095,9989.285714,2226.190476,3019.047619,2065.47619,2586.904762,11483.33333,11813.09524,No,No,No
CHI,1971,N,3539,7853,2039,2700,2087,1964,9117,8440,57,25,0.695121951,Yes,No,82,4315.853659,9576.829268,2486.585366,3292.682927,2545.121951,2395.121951,11118.29268,10292.68293,Yes,No,No
CIN,1971,N,3444,7496,1948,2578,2020,2079,8836,9167,30,52,0.365853659,No,No,82,4200,9141.463415,2375.609756,3143.902439,2463.414634,2535.365854,10775.60976,11179.26829,No,No,No
CLE,1971,N,3458,8074,1758,2390,2060,1936,8674,9300,23,59,0.280487805,No,No,82,4217.073171,9846.341463,2143.902439,2914.634146,2512.195122,2360.97561,10578.04878,11341.46341,No,No,No
DEN,1971,A,3703,8247,1953,2601,1995,2334,9400,9500,34,50,0.404761905,No,No,84,4408.333333,9817.857143,2325,3096.428571,2375,2778.571429,11190.47619,11309.52381,Yes,No,No
DET,1971,N,3482,7665,1981,2653,1687,1954,8945,9506,26,56,0.317073171,No,No,82,4246.341463,9347.560976,2415.853659,3235.365854,2057.317073,2382.926829,10908.53659,11592.68293,No,No,No
DLC,1971,A,3362,7502,1943,2498,1486,2315,8770,8760,42,42,0.5,No,No,84,4002.380952,8930.952381,2313.095238,2973.809524,1769.047619,2755.952381,10440.47619,10428.57143,Yes,No,No
FLA,1971,A,3547,7797,2190,2817,1871,2125,9471,9603,36,48,0.428571429,No,No,84,4222.619048,9282.142857,2607.142857,3353.571429,2227.380952,2529.761905,11275,11432.14286,Yes,No,No
GSW,1971,N,3477,7923,1917,2500,1854,1840,8871,8808,51,31,0.62195122,Yes,No,82,4240.243902,9662.195122,2337.804878,3048.780488,2260.97561,2243.902439,10818.29268,10741.46341,Yes,No,No
HOU,1971,N,3590,8277,1813,2424,1777,1992,8993,9121,34,48,0.414634146,No,No,82,4378.04878,10093.90244,2210.97561,2956.097561,2167.073171,2429.268293,10967.07317,11123.17073,No,No,No
IND,1971,A,3601,7805,2065,2756,1731,1908,9487,9266,47,37,0.55952381,Yes,Yes,84,4286.904762,9291.666667,2458.333333,3280.952381,2060.714286,2271.428571,11294.04762,11030.95238,Yes,Yes,Yes
KEN,1971,A,3803,7796,2003,2697,2136,1959,9743,8989,68,16,0.80952381,Yes,No,84,4527.380952,9280.952381,2384.52381,3210.714286,2542.857143,2332.142857,11598.80952,10701.19048,Yes,No,No
LAL,1971,N,3920,7998,2080,2833,2232,1636,9920,8913,69,13,0.841463415,Yes,Yes,82,4780.487805,9753.658537,2536.585366,3454.878049,2721.95122,1995.121951,12097.56098,10869.5122,Yes,Yes,Yes
MIL,1971,N,3813,7653,1774,2399,2160,1862,9400,8485,63,19,0.768292683,Yes,No,82,4650,9332.926829,2163.414634,2925.609756,2634.146341,2270.731707,11463.41463,10347.56098,Yes,Yes,No
MMP,1971,A,3500,8408,1875,2525,1611,2169,9029,9489,26,58,0.30952381,No,No,84,4166.666667,10009.52381,2232.142857,3005.952381,1917.857143,2582.142857,10748.80952,11296.42857,No,No,No
NYK,1971,N,3521,7673,1743,2303,1985,1899,8785,8584,48,34,0.585365854,Yes,No,82,4293.902439,9357.317073,2125.609756,2808.536585,2420.731707,2315.853659,10713.41463,10468.29268,Yes,Yes,Yes
NYN,1971,A,3697,7698,1990,2589,1842,2065,9476,9445,44,40,0.523809524,Yes,No,84,4401.190476,9164.285714,2369.047619,3082.142857,2192.857143,2458.333333,11280.95238,11244.04762,Yes,Yes,Yes
PHI,1971,N,3577,8057,2049,2825,1920,2203,9203,9504,30,52,0.365853659,No,No,82,4362.195122,9825.609756,2498.780488,3445.121951,2341.463415,2686.585366,11223.17073,11590.2439,No,No,No
PHO,1971,N,3599,7877,2336,2999,1976,2026,9534,9083,49,33,0.597560976,Yes,No,82,4389.02439,9606.097561,2848.780488,3657.317073,2409.756098,2470.731707,11626.82927,11076.82927,No,No,No
POR,1971,N,3462,7840,1835,2494,2090,1873,8759,9557,18,64,0.219512195,No,No,82,4221.95122,9560.97561,2237.804878,3041.463415,2548.780488,2284.146341,10681.70732,11654.87805,No,No,No
PTC,1971,A,3912,8226,2052,2725,1835,2185,10016,10617,25,59,0.297619048,No,No,84,4657.142857,9792.857143,2442.857143,3244.047619,2184.52381,2601.190476,11923.80952,12639.28571,No,No,No
SEA,1971,N,3461,7457,2035,2659,1976,1738,8957,8919,47,35,0.573170732,Yes,No,82,4220.731707,9093.902439,2481.707317,3242.682927,2409.756098,2119.512195,10923.17073,10876.82927,No,No,No
UTS,1971,A,3731,7767,2259,2863,1854,2060,9892,9412,60,24,0.714285714,Yes,No,84,4441.666667,9246.428571,2689.285714,3408.333333,2207.142857,2452.380952,11776.19048,11204.7619,Yes,Yes,No
VIR,1971,A,3913,8458,2101,2788,1764,2234,9988,9914,45,39,0.535714286,Yes,No,84,4658.333333,10069.04762,2501.190476,3319.047619,2100,2659.52381,11890.47619,11802.38095,Yes,Yes,No
ATL,1972,N,3700,8033,1819,2482,2074,1916,9219,9212,46,36,0.56097561,Yes,No,82,4512.195122,9796.341463,2218.292683,3026.829268,2529.268293,2336.585366,11242.68293,11234.14634,Yes,No,No
BAL,1972,N,3656,7883,1294,1742,2051,1672,8606,8331,52,30,0.634146342,Yes,No,82,4458.536585,9613.414634,1578.04878,2124.390244,2501.219512,2039.02439,10495.12195,10159.7561,Yes,No,No
BOS,1972,N,3811,8511,1616,2073,2320,1805,9238,8566,68,14,0.829268293,Yes,No,82,4647.560976,10379.26829,1970.731707,2528.04878,2829.268293,2201.219512,11265.85366,10446.34146,Yes,Yes,No
BUF,1972,N,3536,7877,1399,1966,2218,2034,8471,9223,21,61,0.256097561,No,No,82,4312.195122,9606.097561,1706.097561,2397.560976,2704.878049,2480.487805,10330.4878,11247.56098,No,No,No
CAR,1972,A,3794,7657,2065,2860,2089,2394,9707,9296,57,27,0.678571429,Yes,No,84,4516.666667,9115.47619,2458.333333,3404.761905,2486.904762,2850,11555.95238,11066.66667,Yes,Yes,No
CHI,1972,N,3480,7835,1574,2073,2023,1881,8534,8248,51,31,0.62195122,Yes,No,82,4243.902439,9554.878049,1919.512195,2528.04878,2467.073171,2293.902439,10407.31707,10058.53659,Yes,No,No
CLE,1972,N,3431,7884,1556,2084,2106,1941,8418,8637,32,50,0.390243902,No,No,82,4184.146341,9614.634146,1897.560976,2541.463415,2568.292683,2367.073171,10265.85366,10532.92683,No,No,No
DEN,1972,A,3433,7501,2253,2994,1936,2237,9193,8932,47,37,0.55952381,Yes,No,84,4086.904762,8929.761905,2682.142857,3564.285714,2304.761905,2663.095238,10944.04762,10633.33333,Yes,No,No
DET,1972,N,3666,7916,1710,2294,1882,1812,9042,9024,40,42,0.487804878,No,No,82,4470.731707,9653.658537,2085.365854,2797.560976,2295.121951,2209.756098,11026.82927,11004.87805,No,No,No
DLC,1972,A,3500,7644,2157,2861,1898,2145,9302,9669,28,56,0.333333333,No,No,84,4166.666667,9100,2567.857143,3405.952381,2259.52381,2553.571429,11073.80952,11510.71429,No,No,No
GSW,1972,N,3715,8163,1493,1871,1985,1693,8923,8669,47,35,0.573170732,Yes,No,82,4530.487805,9954.878049,1820.731707,2281.707317,2420.731707,2064.634146,10881.70732,10571.95122,Yes,Yes,No
HOU,1972,N,3772,8249,1706,2152,1939,1949,9250,9392,33,49,0.402439024,No,No,82,4600,10059.7561,2080.487805,2624.390244,2364.634146,2376.829268,11280.4878,11453.65854,No,No,No
IND,1972,A,3668,7948,2123,2874,1860,2056,9631,9451,51,33,0.607142857,Yes,Yes,84,4366.666667,9461.904762,2527.380952,3421.428571,2214.285714,2447.619048,11465.47619,11251.19048,Yes,Yes,Yes
KCK,1972,N,3621,7581,1580,2036,2118,2054,8822,9061,36,46,0.43902439,No,No,82,4415.853659,9245.121951,1926.829268,2482.926829,2582.926829,2504.878049,10758.53659,11050,Yes,Yes,No
KEN,1972,A,3770,7900,1779,2453,2287,1976,9401,8860,56,28,0.666666667,Yes,No,84,4488.095238,9404.761905,2117.857143,2920.238095,2722.619048,2352.380952,11191.66667,10547.61905,No,No,Yes
LAL,1972,N,3740,7819,1679,2264,2302,1636,9159,8459,60,22,0.731707317,Yes,No,82,4560.97561,9535.365854,2047.560976,2760.97561,2807.317073,1995.121951,11169.5122,10315.85366,Yes,Yes,Yes
MIL,1972,N,3759,7808,1271,1687,2226,1763,8789,8115,60,22,0.731707317,Yes,No,82,4584.146341,9521.95122,1550,2057.317073,2714.634146,2150,10718.29268,9896.341463,Yes,No,No
MMT,1972,A,3618,7758,2038,2721,1943,2340,9368,9921,24,60,0.285714286,No,No,84,4307.142857,9235.714286,2426.190476,3239.285714,2313.095238,2785.714286,11152.38095,11810.71429,No,No,No
NYK,1972,N,3627,7764,1356,1739,2187,1775,8610,8053,57,25,0.695121951,Yes,Yes,82,4423.170732,9468.292683,1653.658537,2120.731707,2667.073171,2164.634146,10500,9820.731707,Yes,Yes,Yes
NYN,1972,A,3400,7073,1851,2513,1899,2112,8700,9245,30,54,0.357142857,No,No,84,4047.619048,8420.238095,2203.571429,2991.666667,2260.714286,2514.285714,10357.14286,11005.95238,Yes,No,No
PHI,1972,N,3471,8264,1598,2130,1688,1984,8540,9531,9,73,0.109756098,No,No,82,4232.926829,10078.04878,1948.780488,2597.560976,2058.536585,2419.512195,10414.63415,11623.17073,No,No,No
PHO,1972,N,3612,7942,1931,2437,1944,2012,9155,9260,38,44,0.463414634,No,No,82,4404.878049,9685.365854,2354.878049,2971.95122,2370.731707,2453.658537,11164.63415,11292.68293,No,No,No
POR,1972,N,3588,7842,1531,2129,2102,1970,8707,9218,21,61,0.256097561,No,No,82,4375.609756,9563.414634,1867.073171,2596.341463,2563.414634,2402.439024,10618.29268,11241.46341,No,No,No
SDQ,1972,A,3542,8009,1970,2684,1934,2139,9153,9513,30,54,0.357142857,No,No,84,4216.666667,9534.52381,2345.238095,3195.238095,2302.380952,2546.428571,10896.42857,11325,Yes,No,No
SEA,1972,N,3447,7681,1606,2080,1958,1877,8500,8984,26,56,0.317073171,No,No,82,4203.658537,9367.073171,1958.536585,2536.585366,2387.804878,2289.02439,10365.85366,10956.09756,No,No,No
UTS,1972,A,3656,7499,2291,2886,1963,2240,9708,9244,55,29,0.654761905,Yes,No,84,4352.380952,8927.380952,2727.380952,3435.714286,2336.904762,2666.666667,11557.14286,11004.7619,Yes,Yes,No
VIR,1972,A,3722,7757,2097,2785,2029,2317,9581,9613,42,42,0.5,No,No,84,4430.952381,9234.52381,2496.428571,3315.47619,2415.47619,2758.333333,11405.95238,11444.04762,Yes,No,No