team,year,league,shots made,shots attempted,free throws made,free throws attempted,assists,fouls committed,points scored,points allowed,games won,games lost,win pct,Over 500,Champion,Playoffs,Playoff Win,Final 2
BOS,1946,N,1397,5133,811,1375,470,1202,3605,3900,22,38,0.366666667,0,0,0,0,0
CH1,1946,N,1879,6309,939,1550,436,1473,4697,4471,39,22,0.639344262,1,0,1,1,1
CL1,1946,N,1674,5699,903,1428,494,1246,4251,4308,30,30,0.5,0,0,1,0,0
DE1,1946,N,1437,5843,923,1494,482,1351,3797,3918,20,40,0.333333333,0,0,0,0,0
NYK,1946,N,1465,5255,951,1438,457,1218,3881,3840,33,27,0.55,1,0,1,1,0
PH1,1946,N,1510,5384,1098,1596,343,1082,4118,3912,35,25,0.583333333,1,1,1,1,1
PIT,1946,N,1345,4961,984,1507,272,1360,3674,4056,15,45,0.25,0,0,0,0,0
PRO,1946,N,1629,5582,1092,1666,481,1215,4350,4452,28,32,0.466666667,0,0,0,0,0
ST1,1946,N,1601,5877,862,1400,292,1234,4064,3910,38,23,0.62295082,1,0,1,0,0
TO1,1946,N,1515,5672,966,1552,463,1271,3996,4260,22,38,0.366666667,0,0,1,0,0
WSC,1946,N,1723,5794,982,1391,378,1144,4428,3834,49,11,0.816666667,1,0,0,0,0
BA1,1947,N,1288,4283,994,1443,320,1080,3570,3384,28,20,0.583333333,1,1,1,1,1
BOS,1947,N,1241,4323,821,1246,364,1065,3303,3490,20,28,0.416666667,0,0,1,0,0
CH1,1947,N,1390,4683,860,1305,432,1138,3640,3514,28,20,0.583333333,1,0,1,1,0
NYK,1947,N,1355,4724,868,1291,376,1076,3578,3427,26,22,0.541666667,1,0,1,0,0
PH1,1947,N,1279,4875,963,1349,335,934,3521,3461,27,21,0.5625,1,0,1,0,1
PRO,1947,N,1268,4630,782,1275,347,1105,3318,3845,6,42,0.125,0,0,0,0,0
ST1,1947,N,1297,4551,838,1244,218,1050,3432,3336,29,19,0.604166667,1,0,1,1,0
WSC,1947,N,1336,4785,865,1203,305,1084,3537,3413,28,20,0.583333333,1,0,0,0,0
BA1,1948,N,1736,5162,1545,2053,1000,1730,5017,4932,29,31,0.483333333,0,0,1,0,0
BOS,1948,N,1706,5483,1181,1856,1135,1382,4593,4770,25,35,0.416666667,0,0,0,0,0
CH1,1948,N,1905,5750,1228,1775,1220,1731,5038,4800,38,22,0.633333333,1,0,1,0,0
FTW,1948,N,1536,5370,1385,1979,1082,1722,4457,4650,22,38,0.366666667,0,0,0,0,0
INJ,1948,N,1621,5367,1240,1798,1225,1393,4482,4764,18,42,0.3,0,0,0,0,0
MIE,1948,N,1885,5146,1272,1759,1134,1386,5042,4602,44,16,0.733333333,1,1,1,1,1
NYK,1948,N,1688,5237,1376,1959,1017,1559,4752,4662,32,28,0.533333333,1,0,1,1,0
PH1,1948,N,1831,5695,1360,1897,1043,1459,5022,5004,28,32,0.466666667,0,0,1,0,0
PRO,1948,N,1750,5427,1207,1742,1026,1349,4707,5226,12,48,0.2,0,0,0,0,0
ROC,1948,N,1811,4869,1420,2060,1259,1539,5042,4644,45,15,0.75,1,0,1,1,0
ST1,1948,N,1656,4858,1229,1770,1269,1480,4541,4764,29,31,0.483333333,0,0,1,0,0
WSC,1948,N,1751,5472,1408,1914,972,1710,4910,4764,38,22,0.633333333,1,0,1,1,1
AND,1949,N,1943,6254,1703,2343,1240,1806,5589,5350,37,27,0.578125,1,0,1,1,0
BA1,1949,N,1712,5516,1549,2123,1189,1792,4973,5352,25,43,0.367647059,0,0,0,0,0
BOS,1949,N,1945,5756,1530,2163,1473,1644,5420,5590,22,46,0.323529412,0,0,0,0,0
CH1,1949,N,2003,5892,1346,1934,1366,1977,5352,5243,40,28,0.588235294,1,0,1,0,0
DN1,1949,N,1731,5182,1355,1999,1044,1692,4817,5524,11,51,0.177419355,0,0,0,0,0
FTW,1949,N,1878,5901,1634,2331,1364,2065,5390,5297,40,28,0.588235294,1,0,1,1,0
INI,1949,N,1982,5283,1529,2146,1342,1676,5493,5254,39,25,0.609375,1,0,1,1,0
MIE,1949,N,2139,5832,1439,1943,1406,1672,5717,5148,51,17,0.75,1,1,1,1,1
NYK,1949,N,1889,5351,1710,2404,1308,1718,5488,5345,40,28,0.588235294,1,0,1,1,0
PH1,1949,N,1779,5711,1425,2037,1142,1768,4983,5195,26,42,0.382352941,0,0,1,0,0
ROC,1949,N,1956,5247,1690,2319,1383,1585,5602,5073,51,17,0.75,1,0,1,0,0
SHE,1949,N,1727,5022,1654,2338,1279,1766,5108,5444,22,40,0.35483871,0,0,1,0,0
ST1,1949,N,1741,5086,1528,2149,1285,1596,5010,5202,26,42,0.382352941,0,0,0,0,0
SYR,1949,N,1869,5276,1691,2396,1473,1833,5429,4909,51,13,0.796875,1,0,1,1,1
TRI,1949,N,1818,5515,1677,2308,1330,2057,5313,5350,29,35,0.453125,0,0,1,0,0
WAT,1949,N,1746,4904,1429,2002,1324,1780,4921,5264,19,43,0.306451613,0,0,0,0,0
WSC,1949,N,1813,5493,1575,2111,1057,1837,5201,5263,32,36,0.470588235,0,0,1,0,0
BA1,1950,N,1955,5542,1504,2020,1345,1736,5414,5564,24,42,0.363636364,0,0,0,0,0
BOS,1950,N,2065,5607,1751,2415,1579,1881,5881,5900,39,30,0.565217391,1,0,1,0,0
FTW,1950,N,2002,5927,1718,2387,1142,1961,5722,5848,32,36,0.470588235,0,0,1,0,0
INI,1950,N,2096,5779,1363,1902,1455,1569,5555,5712,31,37,0.455882353,0,0,1,0,0
MIE,1950,N,2084,5590,1464,1989,1408,1801,5632,5263,44,24,0.647058824,1,0,1,1,0
NYK,1950,N,2037,5380,1592,2231,1551,1810,5666,5636,36,30,0.545454546,1,0,1,1,1
PH1,1950,N,1985,5665,1664,2181,1432,1710,5634,5386,40,26,0.606060606,1,0,1,0,0
ROC,1950,N,2032,5377,1692,2248,1368,1534,5756,5556,41,27,0.602941177,1,1,1,1,1
SYR,1950,N,1884,5365,1912,2634,1493,1995,5680,5643,32,34,0.484848485,0,0,1,1,0
TRI,1950,N,1988,6041,1754,2425,1476,2092,5730,5984,25,43,0.367647059,0,0,0,0,0
WSC,1950,N,967,2893,910,1244,584,1050,2844,3010,10,25,0.285714286,0,0,0,0,0
BA1,1951,N,1882,5495,1614,2211,1417,1719,5378,5874,20,46,0.303030303,0,0,0,0,0
BOS,1951,N,2131,5510,1765,2406,1606,1734,6027,5762,39,27,0.590909091,1,0,1,0,0
FTW,1951,N,1771,5013,1609,2194,1403,1751,5151,5287,29,37,0.439393939,0,0,1,0,0
INI,1951,N,2026,5513,1422,1965,1290,1586,5474,5465,34,32,0.515151515,1,0,1,0,0
MI1,1951,N,1674,5055,1485,2177,1229,1848,4833,5359,17,49,0.257575758,0,0,0,0,0
MIE,1951,N,2106,5733,1436,1921,1389,1763,5648,5247,40,26,0.606060606,1,1,1,1,1
NYK,1951,N,2022,5282,1565,2185,1567,1770,5609,5557,37,29,0.560606061,1,0,1,1,1
PH1,1951,N,2039,5367,1634,2143,1593,1806,5712,5795,33,33,0.5,0,0,1,0,0
ROC,1951,N,2014,5172,1661,2150,1590,1804,5689,5471,41,25,0.621212121,1,0,1,1,0
SYR,1951,N,1894,5207,1933,2589,1373,1970,5721,5425,40,26,0.606060606,1,0,1,1,0
BA1,1952,N,2083,5615,1745,2542,1514,2141,5911,6307,16,54,0.228571429,0,0,1,0,0
BOS,1952,N,2177,5555,1904,2617,1666,1911,6258,6092,46,25,0.647887324,1,0,1,1,0
FTW,1952,N,1876,5230,1839,2491,1438,2119,5591,5596,36,33,0.52173913,1,0,1,1,0
INI,1952,N,1829,5204,1637,2277,1281,1765,5295,5495,28,43,0.394366197,0,0,1,0,0
MI1,1952,N,1873,5320,1643,2400,1427,2120,5389,5595,27,44,0.38028169,0,0,0,0,0
MIE,1952,N,2166,5559,1611,2221,1351,1917,5943,5544,48,22,0.685714286,1,1,1,1,1
NYK,1952,N,2059,5339,1867,2652,1575,2053,5985,5621,47,23,0.671428571,1,0,1,1,1
PH1,1952,N,1987,5546,1560,2298,1513,1860,5534,6134,12,57,0.173913044,0,0,0,0,0
ROC,1952,N,2019,5432,2005,2747,1520,2210,6043,5845,44,26,0.628571429,1,0,1,0,0
SYR,1952,N,1942,5329,2197,2950,1459,2132,6081,5772,47,24,0.661971831,1,0,1,0,0
BA1,1953,N,2036,5539,1566,2312,1385,1777,5638,6127,16,56,0.222222222,0,0,0,0,0
BOS,1953,N,2232,5580,1851,2550,1773,1969,6315,6149,42,30,0.583333333,1,0,1,1,0
FTW,1953,N,1952,5187,1689,2315,1474,1669,5593,5479,40,32,0.555555556,1,0,1,0,0
MI1,1953,N,1757,5087,1524,2205,1298,1771,5038,5422,21,51,0.291666667,0,0,0,0,0
MIE,1953,N,2184,5803,1512,2067,1323,1918,5880,5638,46,26,0.638888889,1,1,1,1,1
NYK,1953,N,1934,5177,1820,2525,1469,1832,5688,5695,44,28,0.611111111,1,0,1,0,0
PH1,1953,N,2023,5431,1586,2272,1468,1741,5632,5789,29,43,0.402777778,0,0,0,0,0
ROC,1953,N,2010,5451,1722,2518,1454,1904,5742,5566,44,28,0.611111111,1,0,1,1,0
SYR,1953,N,2054,5579,1905,2650,1541,1852,6013,5659,42,30,0.583333333,1,0,1,1,1
BOS,1954,N,2604,6533,2097,2704,1905,1859,7305,7308,36,36,0.5,0,0,1,1,0
FTW,1954,N,2333,5980,1986,2710,1737,1753,6652,6480,43,29,0.597222222,1,0,1,1,1
MI1,1954,N,2187,6041,1917,2672,1544,1904,6291,6509,26,46,0.361111111,0,0,0,0,0
MIE,1954,N,2506,6465,1873,2517,1468,1935,6885,6804,40,32,0.555555556,1,0,1,1,0
NYK,1954,N,2392,6149,1887,2593,1744,1587,6671,6667,38,34,0.527777778,1,0,1,0,0
PH1,1954,N,2392,6234,1928,2625,1744,1716,6712,6732,33,39,0.458333333,0,0,0,0,0
ROC,1954,N,2399,6020,1737,2420,1695,1865,6535,6653,29,43,0.402777778,0,0,1,0,0
SYR,1954,N,2360,6343,1837,2450,1778,1658,6557,6458,43,29,0.597222222,1,1,1,1,1
BOS,1955,N,2745,6913,2142,2785,1834,1874,7632,7582,39,33,0.541666667,1,0,1,0,0
FTW,1955,N,2396,6174,2002,2729,1752,1789,6794,6746,37,35,0.513888889,1,0,1,1,1
MIE,1955,N,2541,6543,2066,2627,1689,1978,7148,7214,33,39,0.458333333,0,0,1,0,0
NYK,1955,N,2508,6395,2196,2913,1610,1923,7212,7243,35,37,0.486111111,0,0,0,0,0
PH1,1955,N,2641,6437,2142,2829,1886,1872,7424,7114,45,27,0.625,1,1,1,1,1
ROC,1955,N,2551,6890,1798,2567,1747,1990,6900,7106,31,41,0.430555556,0,0,0,0,0
STL,1955,N,2506,6628,1941,2761,1748,1971,6953,7056,33,39,0.458333333,0,0,1,1,0
SYR,1955,N,2466,6661,2044,2703,1710,1783,6976,6977,35,37,0.486111111,0,0,1,1,0
BOS,1956,N,2808,7326,1983,2644,1464,1851,7599,7214,44,28,0.611111111,1,1,1,1,1
FTW,1956,N,2532,6612,1874,2510,1398,1643,6938,7106,34,38,0.472222222,0,0,1,0,0
MIE,1956,N,2584,6965,2195,2899,1195,1887,7363,7423,34,38,0.472222222,0,0,1,1,0
NYK,1956,N,2569,6645,2117,2844,1312,1824,7255,7265,36,36,0.5,0,0,0,0,0
PH1,1956,N,2584,6533,2062,2658,1467,1732,7230,7114,37,35,0.513888889,1,0,1,0,0
ROC,1956,N,2515,6807,1698,2402,1298,1866,6728,6883,31,41,0.430555556,0,0,0,0,0
STL,1956,N,2557,6669,1977,2710,1454,1848,7091,7099,34,38,0.472222222,0,0,1,1,1
SYR,1956,N,2550,6915,2075,2613,1282,1809,7175,7279,38,34,0.527777778,1,0,1,1,0
BOS,1957,N,3006,7759,1904,2585,1508,1723,7916,7517,49,23,0.680555556,1,0,1,1,1
CIN,1957,N,2817,7339,1688,2372,1578,1835,7322,7243,33,39,0.458333333,0,0,1,0,0
DET,1957,N,2746,7295,2093,2774,1264,1807,7585,7754,33,39,0.458333333,0,0,1,1,0
MIE,1957,N,2660,7192,2246,3007,1322,1982,7566,8028,19,53,0.263888889,0,0,0,0,0
NYK,1957,N,2884,7307,2300,3056,1359,1865,8068,7978,35,37,0.486111111,0,0,0,0,0
PH1,1957,N,2765,7276,1977,2596,1441,1763,7507,7517,37,35,0.513888889,1,0,1,1,0
STL,1957,N,2779,7162,2180,3047,1541,1875,7738,7646,41,31,0.569444444,1,1,1,1,1
SYR,1957,N,2823,7336,2075,2617,1298,1820,7721,7567,41,31,0.569444444,1,0,1,0,0
BOS,1958,N,3208,8116,1963,2563,1568,1769,8379,7913,52,20,0.722222222,1,1,1,1,1
CIN,1958,N,2854,7340,1713,2375,1369,1855,7421,8064,19,53,0.263888889,0,0,0,0,0
DET,1958,N,2811,7305,1943,2627,1317,1881,7565,7675,28,44,0.388888889,0,0,1,0,0
MIE,1958,N,2779,7084,2071,2718,1373,1874,7629,7726,33,39,0.458333333,0,0,1,1,1
NYK,1958,N,2863,7170,2217,2802,1383,1899,7943,7927,40,32,0.555555556,1,0,1,0,0
PH1,1958,N,2826,7423,1783,2425,1375,1776,7435,7654,32,40,0.444444444,0,0,0,0,0
STL,1958,N,2879,7015,2072,2757,1567,1937,7830,7567,49,23,0.680555556,1,0,1,0,0
SYR,1958,N,3050,7490,2046,2642,1340,1961,8146,7855,35,37,0.486111111,0,0,1,1,0
BOS,1959,N,3744,8971,1849,2519,1849,1856,9337,8715,59,16,0.786666667,1,1,1,1,1
CIN,1959,N,3210,7786,1913,2672,1747,2097,8333,8805,19,56,0.253333333,0,0,0,0,0
DET,1959,N,3146,7920,2075,2847,1472,1983,8367,8625,30,45,0.4,0,0,1,0,0
MIE,1959,N,3040,7884,1965,2691,1444,1813,8045,8355,25,50,0.333333333,0,0,1,1,0
NYK,1959,N,3429,8153,1942,2539,1667,1940,8800,8970,27,48,0.36,0,0,0,0,0
PH1,1959,N,3549,8678,1797,2686,1796,1715,8895,8730,49,26,0.653333333,1,0,1,1,0
STL,1959,N,3179,7580,2148,2885,1881,1995,8506,8303,46,29,0.613333333,1,0,1,1,1
SYR,1959,N,3406,8232,2105,2662,1676,1939,8917,8730,45,30,0.6,1,0,1,0,0
BOS,1960,N,3697,9295,2062,2804,1872,2032,9456,9014,57,22,0.721518987,1,1,1,1,1
CIN,1960,N,3626,8281,2060,2761,2107,2159,9312,9583,33,46,0.417721519,0,0,0,0,0
DET,1960,N,3481,8357,2408,3240,1866,2157,9370,9488,34,45,0.430379747,0,0,1,0,0
LAL,1960,N,3401,8430,2204,2999,1728,2043,9006,9014,36,43,0.455696203,0,0,1,1,0
NYK,1960,N,3422,8347,2135,2838,1822,2223,8979,9488,21,58,0.265822785,0,0,0,0,0
PH1,1960,N,3768,8883,2022,3108,1959,1936,9558,9488,46,33,0.582278481,1,0,1,0,0
STL,1960,N,3618,8795,2147,2921,2136,2135,9383,9101,51,28,0.64556962,1,0,1,1,1
SYR,1960,N,3654,8746,2278,2948,1786,2280,9586,9417,38,41,0.481012658,0,0,1,1,0
BOS,1961,N,3855,9109,1977,2715,2049,1909,9687,8952,60,20,0.75,1,1,1,1,1
CH2,1961,N,3461,8405,1952,2901,1802,1954,8874,9552,18,62,0.225,0,0,0,0,0
CIN,1961,N,3806,8414,2233,2969,2154,2081,9845,9704,43,37,0.5375,1,0,1,0,0
DET,1961,N,3472,8366,2290,3142,1723,2040,9234,9368,37,43,0.4625,0,0,1,1,0
LAL,1961,N,3552,8315,2378,3240,1878,2057,9482,9600,54,26,0.675,1,0,1,1,1
NYK,1961,N,3638,8696,1911,2693,1765,2056,9187,9576,29,51,0.3625,0,0,0,0,0
PH1,1961,N,3917,8929,2201,3207,2073,2013,10035,9816,49,31,0.6125,1,0,1,1,0
STL,1961,N,3641,8461,2226,2939,1996,2166,9508,9768,29,51,0.3625,0,0,0,0,0
SYR,1961,N,3706,8875,2246,2880,1791,2344,9658,9472,41,39,0.5125,1,0,1,0,0
BOS,1962,N,3746,8779,2012,2777,1960,2090,9504,8928,58,22,0.725,1,1,1,1,1
CH2,1962,N,3371,7448,2053,2944,1773,2065,8795,9112,25,55,0.3125,0,0,0,0,0
CIN,1962,N,3672,7998,2183,2923,1931,2203,9527,9424,42,38,0.525,1,0,1,1,0
DET,1962,N,3534,8188,2044,2852,1731,2181,9112,9408,34,46,0.425,0,0,1,0,0
LAL,1962,N,3506,7948,2230,2931,1739,1775,9242,8992,53,27,0.6625,1,0,1,1,1
NYK,1962,N,3433,8007,1971,2778,1658,2144,8837,9416,21,59,0.2625,0,0,0,0,0
SFW,1962,N,3805,8449,1870,2797,1906,1882,9480,9648,31,49,0.3875,0,0,0,0,0
STL,1962,N,3355,7780,2056,2820,1902,2077,8766,8624,48,32,0.6,1,0,1,1,0
SYR,1962,N,3690,8290,2350,3005,1742,2277,9730,9424,48,32,0.6,1,0,1,0,0
BAL,1963,N,3456,7862,2036,2958,1423,2073,8948,9088,31,49,0.3875,0,0,0,0,0
BOS,1963,N,3619,8770,1804,2489,1760,2125,9042,8408,59,21,0.7375,1,1,1,1,1
CIN,1963,N,3516,7761,2146,2828,1916,2139,9178,8776,55,25,0.6875,1,0,1,1,0
DET,1963,N,3346,7943,1928,2685,1633,2235,8620,9240,23,57,0.2875,0,0,0,0,0
LAL,1963,N,3272,7438,2230,2910,1676,1997,8774,8696,42,38,0.525,1,0,1,0,0
NYK,1963,N,3512,7888,1952,2852,1563,2222,8976,9568,22,58,0.275,0,0,0,0,0
PHI,1963,N,3394,8116,2184,2851,1643,2251,8972,9320,34,46,0.425,0,0,1,0,0
SFW,1963,N,3407,7779,1800,2821,1899,1978,8614,8208,48,32,0.6,1,0,1,1,1
STL,1963,N,3341,7776,2115,2795,1901,2266,8797,8672,46,34,0.575,1,0,1,1,0
BAL,1964,N,3421,7734,2245,3144,1676,2119,9087,9264,37,43,0.4625,0,0,1,1,0
BOS,1964,N,3567,8609,1890,2587,1772,2065,9024,8360,62,18,0.775,1,1,1,1,1
CIN,1964,N,3482,7797,2170,2866,1843,1992,9134,8952,48,32,0.6,1,0,1,0,0
DET,1964,N,3467,8297,1747,2537,1609,2058,8681,8952,31,49,0.3875,0,0,0,0,0
LAL,1964,N,3336,7628,2276,2984,1601,1998,8948,8792,49,31,0.6125,1,0,1,1,1
NYK,1964,N,3339,7834,1915,2684,1550,2283,8593,8888,31,49,0.3875,0,0,0,0,0
PHI,1964,N,3391,8028,2221,3011,1692,2096,9003,9016,40,40,0.5,0,0,1,0,0
SFW,1964,N,3323,8245,1819,2844,1653,2002,8465,8960,17,63,0.2125,0,0,0,0,0
STL,1964,N,3269,7710,2168,2947,1691,2069,8706,8464,45,35,0.5625,1,0,1,0,0
BAL,1965,N,3599,8210,2267,3186,1890,2199,9465,9560,38,42,0.475,0,0,1,0,0
BOS,1965,N,3488,8367,2038,2758,1795,2012,9014,8624,54,26,0.675,1,1,1,1,1
CIN,1965,N,3610,8123,2204,2906,1818,2033,9424,9328,45,35,0.5625,1,0,1,0,0
DET,1965,N,3475,8502,1877,2734,1569,2016,8827,9376,22,58,0.275,0,0,0,0,0
LAL,1965,N,3597,8109,2363,3057,1936,2035,9557,9312,45,35,0.5625,1,0,1,1,1
NYK,1965,N,3559,7910,2217,3078,1896,2227,9335,9544,30,50,0.375,0,0,0,0,0
PHI,1965,N,3650,8189,2087,3141,1905,2095,9387,9016,55,25,0.6875,1,0,1,0,0
SFW,1965,N,3557,8512,2129,2879,1872,2069,9243,9456,35,45,0.4375,0,0,0,0,0
STL,1965,N,3379,7836,2155,2870,1782,2179,8913,8960,36,44,0.45,0,0,1,1,0
BAL,1966,N,3664,8578,2025,2771,1652,2153,9353,9882,20,61,0.24691358,0,0,0,0,0
BOS,1966,N,3724,8325,2216,2963,1962,2138,9664,9015,60,21,0.740740741,1,0,1,1,0
CHI,1966,N,3565,8505,2037,2784,1827,2205,9167,9469,33,48,0.407407407,0,0,1,0,0
CIN,1966,N,3654,8137,2179,2806,1858,2073,9487,9509,39,42,0.481481482,0,0,1,0,0
DET,1966,N,3523,8542,1969,2725,1465,2198,9015,9461,30,51,0.37037037,0,0,0,0,0
LAL,1966,N,3786,8466,2192,2917,1906,2168,9764,9736,36,45,0.444444444,0,0,1,0,0
NYK,1966,N,3637,8025,2151,2980,1782,2110,9425,9671,36,45,0.444444444,0,0,1,0,0
PHI,1966,N,3912,8103,2319,3411,2138,1906,10143,9380,68,13,0.839506173,1,1,1,1,1
SFW,1966,N,3814,8818,2283,3021,1876,2120,9911,9680,44,37,0.543209877,1,0,1,1,1
STL,1966,N,3547,8004,2110,2979,1708,2173,9204,9331,39,42,0.481481482,0,0,1,1,0
ANA,1967,A,3172,7606,2141,2916,1297,2174,8704,9057,25,53,0.320512821,0,0,0,0,0
BAL,1967,N,3691,8428,2245,2994,1534,2127,9627,9660,36,46,0.43902439,0,0,0,0,0
BOS,1967,N,3686,8371,2151,2983,1798,2147,9523,9184,54,28,0.658536585,1,1,1,1,1
CHI,1967,N,3488,8138,2006,2718,1527,2130,8982,9307,29,53,0.353658537,0,0,1,0,0
CIN,1967,N,3679,7864,2204,2892,2048,2016,9562,9627,39,43,0.475609756,0,0,0,0,0
DEN,1967,A,3119,7271,1981,2725,1044,1992,8244,7914,45,33,0.576923077,1,0,1,0,0
DET,1967,N,3755,8386,2215,3129,1700,2240,9725,9889,40,42,0.487804878,0,0,1,0,0
DLC,1967,A,3260,7167,2027,2810,1344,1997,8576,8470,46,32,0.58974359,1,0,1,1,0
HMV,1967,A,3094,7731,1774,2537,1175,1906,8074,8407,29,49,0.371794872,0,0,1,0,0
IND,1967,A,3174,7397,2102,2971,1176,1788,8546,8530,38,40,0.487179487,0,0,1,0,0
KEN,1967,A,3044,7427,1921,2677,1165,1928,8150,8207,36,42,0.461538462,0,0,1,0,0
LAL,1967,N,3827,8031,2283,3143,1983,2152,9937,9479,52,30,0.634146342,1,0,1,1,1
MNM,1967,A,3248,8084,1896,2968,1019,1860,8469,8163,50,28,0.641025641,1,0,1,1,0
NJA,1967,A,3189,7727,2138,2876,1200,2051,8641,8768,36,42,0.461538462,0,0,0,0,0
NOB,1967,A,3207,7521,2245,3000,1355,1839,8712,8334,48,30,0.615384615,1,0,1,1,1
NYK,1967,N,3682,8070,2159,3042,1967,2364,9523,9373,43,39,0.524390244,1,0,1,0,0
OAK,1967,A,3215,7680,2109,2850,1149,1957,8642,9160,22,56,0.282051282,0,0,0,0,0
PHI,1967,N,3965,8414,2121,3338,2197,1851,10051,9348,62,20,0.756097561,1,0,1,1,0
PTP,1967,A,3230,7528,2028,2839,1239,1846,8731,8479,54,24,0.692307692,1,1,1,1,1
SDR,1967,N,3466,8547,2083,2929,1837,2188,9015,9922,15,67,0.182926829,0,0,0,0,0
SEA,1967,N,3772,8593,2188,3042,1998,2372,9732,10258,23,59,0.280487805,0,0,0,0,0
SFW,1967,N,3632,8587,2334,3153,1901,2265,9598,9643,43,39,0.524390244,1,0,1,1,0
STL,1967,N,3504,7765,2258,3111,1988,2046,9266,9045,56,26,0.682926829,1,0,1,0,0
ATL,1968,N,3605,7844,1913,2785,2069,2082,9123,8971,48,34,0.585365854,1,0,1,1,0
BAL,1968,N,3770,8567,2002,2734,1682,2037,9542,9192,57,25,0.695121951,1,0,1,0,0
BOS,1968,N,3583,8316,1936,2657,1953,2073,9102,8643,48,34,0.585365854,1,1,1,1,1
CHI,1968,N,3355,8021,1877,2577,1597,2064,8587,8766,33,49,0.402439024,0,0,0,0,0
CIN,1968,N,3565,7742,2262,3012,1983,2031,9392,9479,41,41,0.5,0,0,0,0,0
DEN,1968,A,3427,7554,2026,2769,1239,2102,8959,8842,44,34,0.564102564,1,0,1,0,0
DET,1968,N,3609,7997,2141,3025,1757,2105,9359,9619,32,50,0.390243902,0,0,0,0,0
DLC,1968,A,3185,7155,2192,2948,1320,2180,8657,8710,41,37,0.525641026,1,0,1,0,0
HMV,1968,A,3179,7732,2196,2991,1371,2157,8683,9127,23,55,0.294871795,0,0,0,0,0
IND,1968,A,3474,7709,2273,3180,1553,2106,9331,9010,44,34,0.564102564,1,0,1,1,1
KEN,1968,A,3180,7613,1977,2690,1453,2077,8672,8659,42,36,0.538461539,1,0,1,0,0
LAL,1968,N,3574,7620,2056,3161,2068,1773,9204,8864,55,27,0.670731707,1,0,1,1,1
LAS,1968,A,3208,7419,2291,3243,1244,2276,8925,9163,33,45,0.423076923,0,0,0,0,0
MFL,1968,A,3406,7625,2167,3023,1532,2092,9008,8975,43,35,0.551282051,1,0,1,1,0
MIL,1968,N,3537,8258,1966,2638,1882,2187,9040,9463,27,55,0.329268293,0,0,0,0,0
MNP,1968,A,3320,7985,1991,2868,1331,1988,8914,8904,36,42,0.461538462,0,0,1,0,0
NOB,1968,A,3386,7697,2148,2845,1617,1917,9053,8787,46,32,0.58974359,1,0,1,1,0
NYK,1968,N,3588,7813,1911,2596,2071,2175,9087,8626,54,28,0.658536585,1,0,1,1,0
NYN,1968,A,3148,7563,2090,2816,1409,2260,8463,9143,17,61,0.217948718,0,0,0,0,0
OAK,1968,A,3615,7663,2607,3434,1668,2126,9866,9211,60,18,0.769230769,1,1,1,1,1
PHI,1968,N,3754,8274,2238,3087,1914,2145,9746,9332,55,27,0.670731707,1,0,1,0,0
PHO,1968,N,3541,8242,2080,2950,1918,2086,9162,9881,16,66,0.195121951,0,0,0,0,0
SDR,1968,N,3691,8631,2074,3039,1925,2110,9456,9471,37,45,0.451219512,0,0,1,0,0
SEA,1968,N,3543,8149,2105,2979,1927,2281,9191,9586,30,52,0.365853659,0,0,0,0,0
SFW,1968,N,3414,8218,2119,2949,1822,2087,8947,9077,41,41,0.5,0,0,1,0,0
ATL,1969,N,3817,7907,2012,2669,2142,2016,9646,9610,48,34,0.585365854,1,0,1,1,0
BAL,1969,N,3925,8567,2050,2652,1881,1896,9900,9725,50,32,0.609756098,1,0,1,0,0
BOS,1969,N,3645,8235,2132,2711,1875,2320,9422,9578,34,48,0.414634146,0,0,0,0,0
CAR,1969,A,3470,7859,1942,2662,1746,2243,8971,8990,42,42,0.5,0,0,1,0,0
CHI,1969,N,3607,8133,2209,2861,2133,1863,9423,9569,39,43,0.475609756,0,0,1,0,0
CIN,1969,N,3767,8271,2082,2841,1992,2215,9616,9856,36,46,0.43902439,0,0,0,0,0
DEN,1969,A,3743,8381,2023,2713,1621,2064,9697,9328,51,33,0.607142857,1,0,1,1,0
DET,1969,N,3565,7657,2116,2881,1709,1930,9246,9520,31,51,0.378048781,0,0,0,0,0
DLC,1969,A,3775,8265,2340,2968,1633,2138,10079,9918,45,39,0.535714286,1,0,1,0,0
IND,1969,A,3593,7896,2110,2846,1826,2125,9511,9220,59,25,0.702380952,1,1,1,1,1
KEN,1969,A,3593,8378,2020,2733,1765,2409,9536,9450,45,39,0.535714286,1,0,1,1,0
LAL,1969,N,3668,7952,1991,2641,2030,1896,9327,9168,46,36,0.56097561,1,0,1,1,1
LAS,1969,A,3575,8120,2266,3022,1772,2234,9547,9567,43,41,0.511904762,1,0,1,1,1
MFL,1969,A,3598,8345,2225,2991,1281,2264,9511,9940,23,61,0.273809524,0,0,0,0,0
MIL,1969,N,3923,8041,1895,2589,2168,1971,9741,9364,56,26,0.682926829,1,0,1,1,0
NOB,1969,A,3463,7982,1970,2531,1638,2091,9064,8999,42,42,0.5,0,0,0,0,0
NYK,1969,N,3803,7975,1821,2484,2135,2016,9427,8684,60,22,0.731707317,1,1,1,1,1
NYN,1969,A,3543,7854,1990,2826,1762,2381,9148,9219,39,45,0.464285714,0,0,1,0,0
PHI,1969,N,3915,8345,2168,2884,2127,2196,9998,9717,42,40,0.512195122,1,0,1,0,0
PHO,1969,N,3676,7856,2434,3270,2076,2183,9786,9930,39,43,0.475609756,0,0,1,0,0
PTC,1969,A,3721,8370,1875,2673,1629,2184,9445,9824,29,55,0.345238095,0,0,0,0,0
SDR,1969,N,3866,8867,2000,2728,2036,2096,9732,9988,27,55,0.329268293,0,0,0,0,0
SEA,1969,N,3709,8029,2171,2851,2214,2175,9589,9799,36,46,0.43902439,0,0,0,0,0
SFW,1969,N,3555,8224,2004,2646,1861,2050,9114,9479,30,52,0.365853659,0,0,0,0,0
WAC,1969,A,3709,7988,2403,3177,1961,2329,9929,9983,44,40,0.523809524,1,0,1,0,0
ATL,1970,N,3614,7779,2120,2975,1906,1958,9348,9495,36,46,0.43902439,0,0,1,0,0
BAL,1970,N,3684,8331,1886,2500,1772,1966,9254,9206,42,40,0.512195122,1,0,1,1,1
BOS,1970,N,3804,8616,2000,2648,2052,2138,9608,9438,44,38,0.536585366,1,0,0,0,0
BUF,1970,N,3424,7860,1805,2504,1962,2232,8653,9196,22,60,0.268292683,0,0,0,0,0
CAR,1970,A,3823,8329,1851,2809,1745,2172,9688,10026,34,50,0.404761905,0,0,0,0,0
CHI,1970,N,3460,7660,2150,2721,2142,1797,9070,8640,51,31,0.62195122,1,0,1,0,0
CIN,1970,N,3805,8374,1901,2622,2022,2126,9511,9774,33,49,0.402439024,0,0,0,0,0
CLE,1970,N,3299,7778,1775,2380,2065,2114,8373,9289,15,67,0.182926829,0,0,0,0,0
DEN,1970,A,3852,8780,2158,2841,1642,1996,9965,10306,30,54,0.357142857,0,0,0,0,0
DET,1970,N,3468,7730,2093,2808,1696,1969,9029,9090,45,37,0.548780488,1,0,0,0,0
FLA,1970,A,3659,8026,2179,2852,1939,2140,9579,9707,37,47,0.440476191,0,0,1,0,0
IND,1970,A,3796,8202,2104,2741,2068,1953,10002,9501,58,26,0.690476191,1,0,1,1,0
KEN,1970,A,3929,8520,2213,2930,1878,2271,10264,10260,44,40,0.523809524,1,0,1,1,1
LAL,1970,N,3739,7857,1933,2717,2205,1709,9411,9159,48,34,0.585365854,1,0,1,1,0
MIL,1970,N,3972,7803,1766,2379,2249,1847,9710,8705,66,16,0.804878049,1,1,1,1,1
MMP,1970,A,3700,8383,1664,2287,1893,2164,9175,9234,41,43,0.488095238,0,0,1,0,0
NYK,1970,N,3633,8076,1760,2377,1779,1916,9026,8614,52,30,0.634146342,1,0,1,1,0
NYN,1970,A,3638,7704,2013,2653,1877,2203,9327,9378,40,44,0.476190476,0,0,1,0,0
PHI,1970,N,3608,8026,2199,2967,1976,2168,9415,9288,47,35,0.573170732,1,0,1,0,0
PHO,1970,N,3503,8021,2327,3078,1927,2132,9333,9177,48,34,0.585365854,1,0,0,0,0
POR,1970,N,3721,8562,2025,2671,2227,2024,9467,9837,29,53,0.353658537,0,0,0,0,0
PTC,1970,A,3906,8661,2012,2659,1619,2208,10001,10229,36,48,0.428571429,0,0,0,0,0
SDR,1970,N,3547,8426,2188,2921,1921,2128,9282,9302,40,42,0.487804878,0,0,0,0,0
SEA,1970,N,3664,8034,2101,2790,2049,1917,9429,9591,38,44,0.463414634,0,0,0,0,0
SFW,1970,N,3454,7709,1875,2468,1893,1833,8783,8901,41,41,0.5,0,0,1,0,0
TEX,1970,A,3964,8938,2038,2661,1901,2093,10207,10458,30,54,0.357142857,0,0,1,0,0
UTS,1970,A,3787,8409,2219,2831,1789,2050,9994,9400,57,27,0.678571429,1,1,1,1,1
VIR,1970,A,4014,8497,2273,2975,2231,2371,10355,10058,55,29,0.654761905,1,0,1,1,0
ATL,1971,N,3482,7570,2018,2725,1897,1967,8982,9127,36,46,0.43902439,0,0,1,0,0
BAL,1971,N,3490,7748,1804,2378,1816,1858,8784,8880,38,44,0.463414634,0,0,1,0,0
BOS,1971,N,3819,8431,1839,2367,2230,2030,9477,9085,56,26,0.682926829,1,0,1,1,0
BUF,1971,N,3409,7560,1549,2219,1759,2110,8367,9125,22,60,0.268292683,0,0,0,0,0
CAR,1971,A,3818,8391,1870,2536,1735,2173,9646,9923,35,49,0.416666667,0,0,0,0,0
CHI,1971,N,3539,7853,2039,2700,2087,1964,9117,8440,57,25,0.695121951,1,0,1,0,0
CIN,1971,N,3444,7496,1948,2578,2020,2079,8836,9167,30,52,0.365853659,0,0,0,0,0
CLE,1971,N,3458,8074,1758,2390,2060,1936,8674,9300,23,59,0.280487805,0,0,0,0,0
DEN,1971,A,3703,8247,1953,2601,1995,2334,9400,9500,34,50,0.404761905,0,0,1,0,0
DET,1971,N,3482,7665,1981,2653,1687,1954,8945,9506,26,56,0.317073171,0,0,0,0,0
DLC,1971,A,3362,7502,1943,2498,1486,2315,8770,8760,42,42,0.5,0,0,1,0,0
FLA,1971,A,3547,7797,2190,2817,1871,2125,9471,9603,36,48,0.428571429,0,0,1,0,0
GSW,1971,N,3477,7923,1917,2500,1854,1840,8871,8808,51,31,0.62195122,1,0,1,0,0
HOU,1971,N,3590,8277,1813,2424,1777,1992,8993,9121,34,48,0.414634146,0,0,0,0,0
IND,1971,A,3601,7805,2065,2756,1731,1908,9487,9266,47,37,0.55952381,1,1,1,1,1
KEN,1971,A,3803,7796,2003,2697,2136,1959,9743,8989,68,16,0.80952381,1,0,1,0,0
LAL,1971,N,3920,7998,2080,2833,2232,1636,9920,8913,69,13,0.841463415,1,1,1,1,1
MIL,1971,N,3813,7653,1774,2399,2160,1862,9400,8485,63,19,0.768292683,1,0,1,1,0
MMP,1971,A,3500,8408,1875,2525,1611,2169,9029,9489,26,58,0.30952381,0,0,0,0,0
NYK,1971,N,3521,7673,1743,2303,1985,1899,8785,8584,48,34,0.585365854,1,0,1,1,1
NYN,1971,A,3697,7698,1990,2589,1842,2065,9476,9445,44,40,0.523809524,1,0,1,1,1
PHI,1971,N,3577,8057,2049,2825,1920,2203,9203,9504,30,52,0.365853659,0,0,0,0,0
PHO,1971,N,3599,7877,2336,2999,1976,2026,9534,9083,49,33,0.597560976,1,0,0,0,0
POR,1971,N,3462,7840,1835,2494,2090,1873,8759,9557,18,64,0.219512195,0,0,0,0,0
PTC,1971,A,3912,8226,2052,2725,1835,2185,10016,10617,25,59,0.297619048,0,0,0,0,0
SEA,1971,N,3461,7457,2035,2659,1976,1738,8957,8919,47,35,0.573170732,1,0,0,0,0
UTS,1971,A,3731,7767,2259,2863,1854,2060,9892,9412,60,24,0.714285714,1,0,1,1,0
VIR,1971,A,3913,8458,2101,2788,1764,2234,9988,9914,45,39,0.535714286,1,0,1,1,0
ATL,1972,N,3700,8033,1819,2482,2074,1916,9219,9212,46,36,0.56097561,1,0,1,0,0
BAL,1972,N,3656,7883,1294,1742,2051,1672,8606,8331,52,30,0.634146342,1,0,1,0,0
BOS,1972,N,3811,8511,1616,2073,2320,1805,9238,8566,68,14,0.829268293,1,0,1,1,0
BUF,1972,N,3536,7877,1399,1966,2218,2034,8471,9223,21,61,0.256097561,0,0,0,0,0
CAR,1972,A,3794,7657,2065,2860,2089,2394,9707,9296,57,27,0.678571429,1,0,1,1,0
CHI,1972,N,3480,7835,1574,2073,2023,1881,8534,8248,51,31,0.62195122,1,0,1,0,0
CLE,1972,N,3431,7884,1556,2084,2106,1941,8418,8637,32,50,0.390243902,0,0,0,0,0
DEN,1972,A,3433,7501,2253,2994,1936,2237,9193,8932,47,37,0.55952381,1,0,1,0,0
DET,1972,N,3666,7916,1710,2294,1882,1812,9042,9024,40,42,0.487804878,0,0,0,0,0
DLC,1972,A,3500,7644,2157,2861,1898,2145,9302,9669,28,56,0.333333333,0,0,0,0,0
GSW,1972,N,3715,8163,1493,1871,1985,1693,8923,8669,47,35,0.573170732,1,0,1,1,0
HOU,1972,N,3772,8249,1706,2152,1939,1949,9250,9392,33,49,0.402439024,0,0,0,0,0
IND,1972,A,3668,7948,2123,2874,1860,2056,9631,9451,51,33,0.607142857,1,1,1,1,1
KCK,1972,N,3621,7581,1580,2036,2118,2054,8822,9061,36,46,0.43902439,0,0,1,1,0
KEN,1972,A,3770,7900,1779,2453,2287,1976,9401,8860,56,28,0.666666667,1,0,0,0,1
LAL,1972,N,3740,7819,1679,2264,2302,1636,9159,8459,60,22,0.731707317,1,0,1,1,1
MIL,1972,N,3759,7808,1271,1687,2226,1763,8789,8115,60,22,0.731707317,1,0,1,0,0
MMT,1972,A,3618,7758,2038,2721,1943,2340,9368,9921,24,60,0.285714286,0,0,0,0,0
NYK,1972,N,3627,7764,1356,1739,2187,1775,8610,8053,57,25,0.695121951,1,1,1,1,1
NYN,1972,A,3400,7073,1851,2513,1899,2112,8700,9245,30,54,0.357142857,0,0,1,0,0
PHI,1972,N,3471,8264,1598,2130,1688,1984,8540,9531,9,73,0.109756098,0,0,0,0,0
PHO,1972,N,3612,7942,1931,2437,1944,2012,9155,9260,38,44,0.463414634,0,0,0,0,0
POR,1972,N,3588,7842,1531,2129,2102,1970,8707,9218,21,61,0.256097561,0,0,0,0,0
SDQ,1972,A,3542,8009,1970,2684,1934,2139,9153,9513,30,54,0.357142857,0,0,1,0,0
SEA,1972,N,3447,7681,1606,2080,1958,1877,8500,8984,26,56,0.317073171,0,0,0,0,0
UTS,1972,A,3656,7499,2291,2886,1963,2240,9708,9244,55,29,0.654761905,1,0,1,1,0
VIR,1972,A,3722,7757,2097,2785,2029,2317,9581,9613,42,42,0.5,0,0,1,0,0
